{"step": 1, "polarization": 0.19333196331669922, "modularity": 0.570879292403746, "echo_chamber_effect": 0.9368803165947065, "social_cost": 235.52256759007264, "poa": 2.5333285379597537}
{"step": 2, "polarization": 0.0951470370677683, "modularity": 0.639011778224648, "echo_chamber_effect": 0.9860566305234076, "social_cost": 191.6590284753817, "poa": 2.061523408828492}
{"step": 3, "polarization": 0.07736269703643714, "modularity": 0.6601091640333238, "echo_chamber_effect": 0.9964759527166043, "social_cost": 182.32744561758355, "poa": 1.9611510096996685}
{"step": 4, "polarization": 0.07561542974220914, "modularity": 0.6741281241022694, "echo_chamber_effect": 0.9980724535579567, "social_cost": 181.61769190769738, "poa": 1.9535167547466277}
{"step": 5, "polarization": 0.07647958073983602, "modularity": 0.686742008242699, "echo_chamber_effect": 0.9992901817999192, "social_cost": 183.6761948372638, "poa": 1.975658430044686}
{"step": 6, "polarization": 0.07747177836438486, "modularity": 0.6867420082426992, "echo_chamber_effect": 0.9996231575495607, "social_cost": 185.2786683447961, "poa": 1.992894960324968}
{"step": 7, "polarization": 0.07853506254640798, "modularity": 0.6867420082426992, "echo_chamber_effect": 0.999759654113658, "social_cost": 185.98259977320208, "poa": 2.000466589636735}
{"step": 8, "polarization": 0.07948362689732233, "modularity": 0.686742008242699, "echo_chamber_effect": 0.9998460498044504, "social_cost": 186.66960876741413, "poa": 2.007856197811785}
{"step": 9, "polarization": 0.08028684107290018, "modularity": 0.6867420082426992, "echo_chamber_effect": 0.9999014006635094, "social_cost": 187.23350173628845, "poa": 2.0139215450310397}
{"step": 10, "polarization": 0.08095237110658726, "modularity": 0.6869253143178833, "echo_chamber_effect": 0.9999368656944195, "social_cost": 187.69603924462285, "poa": 2.018896692345924}
{"step": 11, "polarization": 0.08149786807371977, "modularity": 0.6869253143178833, "echo_chamber_effect": 0.9999595813184909, "social_cost": 188.07187253537387, "poa": 2.0229392314992505}
{"step": 12, "polarization": 0.08194214924562583, "modularity": 0.6838693520017705, "echo_chamber_effect": 0.9999741268169187, "social_cost": 188.3760175490829, "poa": 2.0262106769950736}
{"step": 13, "polarization": 0.0823024755842577, "modularity": 0.6871134200747824, "echo_chamber_effect": 0.9999834390203052, "social_cost": 188.62146697467202, "poa": 2.028850780832397}
{"step": 14, "polarization": 0.0825938305644213, "modularity": 0.672063739822246, "echo_chamber_effect": 0.9999894000951898, "social_cost": 188.8191662439134, "poa": 2.0309772742968137}
{"step": 15, "polarization": 0.08282888179294084, "modularity": 0.672063739822246, "echo_chamber_effect": 0.9999932157013307, "social_cost": 188.97817516569313, "poa": 2.032687606531455}
{"step": 16, "polarization": 0.08301817797150805, "modularity": 0.672063739822246, "echo_chamber_effect": 0.9999956579015538, "social_cost": 189.105923632528, "poa": 2.0340616949681802}
{"step": 17, "polarization": 0.08317041709028594, "modularity": 0.672063739822246, "echo_chamber_effect": 0.9999972209966589, "social_cost": 189.2084681482779, "poa": 2.0351646845917166}
{"step": 18, "polarization": 0.08329272143389335, "modularity": 0.6703280723929264, "echo_chamber_effect": 0.9999982214131476, "social_cost": 189.29072482358913, "poa": 2.036049454085935}
{"step": 19, "polarization": 0.08339089316073028, "modularity": 0.6703280723929262, "echo_chamber_effect": 0.9999988616942417, "social_cost": 189.35667158067506, "poa": 2.036758790789509}
{"step": 20, "polarization": 0.08346964060422822, "modularity": 0.6703280723929262, "echo_chamber_effect": 0.9999992714801363, "social_cost": 189.4095194818817, "poa": 2.0373272335407404}
{"step": 21, "polarization": 0.0835327729743755, "modularity": 0.6703280723929264, "echo_chamber_effect": 0.9999995337455886, "social_cost": 189.45185570740998, "poa": 2.0377826105749577}
{"step": 22, "polarization": 0.08358336489493677, "modularity": 0.6703280723929264, "echo_chamber_effect": 0.9999997015964808, "social_cost": 189.4857617443209, "poa": 2.03814731078944}
{"step": 23, "polarization": 0.08362389348708403, "modularity": 0.6703280723929262, "echo_chamber_effect": 0.9999998090214628, "social_cost": 189.51291029018984, "poa": 2.0384393260587945}
{"step": 24, "polarization": 0.08365635159643492, "modularity": 0.6703280723929262, "echo_chamber_effect": 0.9999998777736194, "social_cost": 189.53464430531835, "poa": 2.0386731015365878}
{"step": 25, "polarization": 0.08368234063472131, "modularity": 0.6703280723929264, "echo_chamber_effect": 0.9999999217750686, "social_cost": 189.55204123162034, "poa": 2.0388602264067206}
{"step": 26, "polarization": 0.08370314629786596, "modularity": 0.6703280723929262, "echo_chamber_effect": 0.9999999499360244, "social_cost": 189.56596498974918, "poa": 2.039009993175079}
{"step": 27, "polarization": 0.08371980006519159, "modularity": 0.6703280723929262, "echo_chamber_effect": 0.9999999679590476, "social_cost": 189.57710797518817, "poa": 2.039129849388008}
{"step": 28, "polarization": 0.08373312899061046, "modularity": 0.6703280723929262, "echo_chamber_effect": 0.9999999794937872, "social_cost": 189.5860249100582, "poa": 2.0392257617492247}
{"step": 29, "polarization": 0.08374379591434289, "modularity": 0.6703280723929264, "echo_chamber_effect": 0.9999999868760225, "social_cost": 189.5931600877264, "poa": 2.0393025091683583}
{"step": 30, "polarization": 0.08375233187470314, "modularity": 0.6703280723929264, "echo_chamber_effect": 0.9999999916006539, "social_cost": 189.59886927291515, "poa": 2.0393639183229677}
