{"step": 1, "polarization": 0.1576380454931973, "modularity": 0.0, "echo_chamber_effect": 0.6582903549897545, "social_cost": 1755.7179124961744, "poa": 9.266799632909983}
{"step": 2, "polarization": 6.56551626377331e-05, "modularity": 0.0, "echo_chamber_effect": 0.9997321229910713, "social_cost": 700.7171026697501, "poa": 3.6984329564433582}
{"step": 3, "polarization": 2.7344924047368977e-08, "modularity": 0.0, "echo_chamber_effect": 0.9999998883880831, "social_cost": 701.9962237593287, "poa": 3.7051842453372}
{"step": 4, "polarization": 1.138897294773274e-11, "modularity": 0.0, "echo_chamber_effect": 0.9999999999535144, "social_cost": 701.961684633518, "poa": 3.7050019454608325}
{"step": 5, "polarization": 4.743428966213221e-15, "modularity": 0.0, "echo_chamber_effect": 0.9999999999999807, "social_cost": 701.9623860006778, "poa": 3.7050056473248354}
{"step": 6, "polarization": 1.9756055602202842e-18, "modularity": 0.0, "echo_chamber_effect": 1.0, "social_cost": 701.9623716855987, "poa": 3.705005571768865}
{"step": 7, "polarization": 8.228262241646912e-22, "modularity": 0.0, "echo_chamber_effect": 1.0, "social_cost": 701.962371977743, "poa": 3.705005573310823}
{"step": 8, "polarization": 3.4270586003861944e-25, "modularity": 0.0, "echo_chamber_effect": 1.0, "social_cost": 701.962371971781, "poa": 3.705005573279355}
{"step": 9, "polarization": 1.4273387292596551e-28, "modularity": 0.0, "echo_chamber_effect": 1.0, "social_cost": 701.9623719719027, "poa": 3.7050055732799976}
{"step": 10, "polarization": 6.058205233064489e-32, "modularity": 0.0, "echo_chamber_effect": 1.0, "social_cost": 701.9623719719, "poa": 3.7050055732799834}
{"step": 11, "polarization": 8.628166150854817e-34, "modularity": 0.0, "echo_chamber_effect": 1.0, "social_cost": 701.9623719719, "poa": 3.7050055732799834}
{"step": 12, "polarization": 7.703719777548943e-34, "modularity": 0.0, "echo_chamber_effect": 1.0, "social_cost": 701.9623719719, "poa": 3.7050055732799834}
{"step": 13, "polarization": 0.0, "modularity": 0.0, "echo_chamber_effect": 1.0, "social_cost": 701.9623719719, "poa": 3.7050055732799834}
{"step": 14, "polarization": 0.0, "modularity": 0.0, "echo_chamber_effect": 1.0, "social_cost": 701.9623719719, "poa": 3.7050055732799834}
{"step": 15, "polarization": 0.0, "modularity": 0.0, "echo_chamber_effect": 1.0, "social_cost": 701.9623719719, "poa": 3.7050055732799834}
{"step": 16, "polarization": 0.0, "modularity": 0.0, "echo_chamber_effect": 1.0, "social_cost": 701.9623719719, "poa": 3.7050055732799834}
{"step": 17, "polarization": 0.0, "modularity": 0.0, "echo_chamber_effect": 1.0, "social_cost": 701.9623719719, "poa": 3.7050055732799834}
{"step": 18, "polarization": 0.0, "modularity": 0.0, "echo_chamber_effect": 1.0, "social_cost": 701.9623719719, "poa": 3.7050055732799834}
{"step": 19, "polarization": 0.0, "modularity": 0.0, "echo_chamber_effect": 1.0, "social_cost": 701.9623719719, "poa": 3.7050055732799834}
{"step": 20, "polarization": 0.0, "modularity": 0.0, "echo_chamber_effect": 1.0, "social_cost": 701.9623719719, "poa": 3.7050055732799834}
{"step": 21, "polarization": 0.0, "modularity": 0.0, "echo_chamber_effect": 1.0, "social_cost": 701.9623719719, "poa": 3.7050055732799834}
{"step": 22, "polarization": 0.0, "modularity": 0.0, "echo_chamber_effect": 1.0, "social_cost": 701.9623719719, "poa": 3.7050055732799834}
{"step": 23, "polarization": 0.0, "modularity": 0.0, "echo_chamber_effect": 1.0, "social_cost": 701.9623719719, "poa": 3.7050055732799834}
{"step": 24, "polarization": 0.0, "modularity": 0.0, "echo_chamber_effect": 1.0, "social_cost": 701.9623719719, "poa": 3.7050055732799834}
{"step": 25, "polarization": 0.0, "modularity": 0.0, "echo_chamber_effect": 1.0, "social_cost": 701.9623719719, "poa": 3.7050055732799834}
{"step": 26, "polarization": 0.0, "modularity": 0.0, "echo_chamber_effect": 1.0, "social_cost": 701.9623719719, "poa": 3.7050055732799834}
{"step": 27, "polarization": 0.0, "modularity": 0.0, "echo_chamber_effect": 1.0, "social_cost": 701.9623719719, "poa": 3.7050055732799834}
{"step": 28, "polarization": 0.0, "modularity": 0.0, "echo_chamber_effect": 1.0, "social_cost": 701.9623719719, "poa": 3.7050055732799834}
{"step": 29, "polarization": 0.0, "modularity": 0.0, "echo_chamber_effect": 1.0, "social_cost": 701.9623719719, "poa": 3.7050055732799834}
{"step": 30, "polarization": 0.0, "modularity": 0.0, "echo_chamber_effect": 1.0, "social_cost": 701.9623719719, "poa": 3.7050055732799834}
