{"step": 1, "polarization": 0.5181, "modularity": 0.7403549382716049, "echo_chamber_effect": 0.9921306131942527, "social_cost": 29.891682568427, "poa": 0.5289461617243563}
{"step": 2, "polarization": 0.5055999999999999, "modularity": 0.7357253086419753, "echo_chamber_effect": 0.9921306131942527, "social_cost": 30.383753412202736, "poa": 0.537653566652661}
{"step": 3, "polarization": 0.5269, "modularity": 0.7411265432098765, "echo_chamber_effect": 0.9921306131942527, "social_cost": 36.37710484159768, "poa": 0.6437084943800185}
{"step": 4, "polarization": 0.5436000000000001, "modularity": 0.7787755102040816, "echo_chamber_effect": 1.0, "social_cost": 39.547276870748114, "poa": 0.699806050045761}
{"step": 5, "polarization": 0.5484, "modularity": 0.7787755102040816, "echo_chamber_effect": 1.0, "social_cost": 47.81591264551138, "poa": 0.8461231115141374}
{"step": 6, "polarization": 0.55, "modularity": 0.7755102040816326, "echo_chamber_effect": 1.0, "social_cost": 57.66683887541245, "poa": 1.0204394821904286}
{"step": 7, "polarization": 0.55, "modularity": 0.7755102040816327, "echo_chamber_effect": 1.0, "social_cost": 57.66683887541245, "poa": 1.0204394821904286}
{"step": 8, "polarization": 0.55, "modularity": 0.7755102040816327, "echo_chamber_effect": 1.0, "social_cost": 57.66683887541245, "poa": 1.0204394821904286}
{"step": 9, "polarization": 0.55, "modularity": 0.7755102040816326, "echo_chamber_effect": 1.0, "social_cost": 57.66683887541245, "poa": 1.0204394821904286}
{"step": 10, "polarization": 0.5484, "modularity": 0.7689795918367348, "echo_chamber_effect": 1.0, "social_cost": 67.78442954027963, "poa": 1.1994745945775898}
{"step": 11, "polarization": 0.5641, "modularity": 0.7722448979591837, "echo_chamber_effect": 1.0, "social_cost": 67.29235869650391, "poa": 1.1907671896492853}
{"step": 12, "polarization": 0.5641, "modularity": 0.7722448979591837, "echo_chamber_effect": 1.0, "social_cost": 67.29235869650391, "poa": 1.1907671896492853}
{"step": 13, "polarization": 0.5641, "modularity": 0.7722448979591837, "echo_chamber_effect": 1.0, "social_cost": 67.29235869650391, "poa": 1.1907671896492853}
{"step": 14, "polarization": 0.5841000000000001, "modularity": 0.7755102040816327, "echo_chamber_effect": 1.0, "social_cost": 70.97839080655702, "poa": 1.255993111011929}
{"step": 15, "polarization": 0.5841000000000001, "modularity": 0.7755102040816326, "echo_chamber_effect": 1.0, "social_cost": 70.97839080655702, "poa": 1.255993111011929}
{"step": 16, "polarization": 0.5841000000000001, "modularity": 0.7755102040816327, "echo_chamber_effect": 1.0, "social_cost": 70.97839080655702, "poa": 1.255993111011929}
{"step": 17, "polarization": 0.5841000000000001, "modularity": 0.7755102040816326, "echo_chamber_effect": 1.0, "social_cost": 70.97839080655702, "poa": 1.255993111011929}
{"step": 18, "polarization": 0.5841000000000001, "modularity": 0.7755102040816326, "echo_chamber_effect": 1.0, "social_cost": 70.97839080655702, "poa": 1.255993111011929}
{"step": 19, "polarization": 0.5684, "modularity": 0.7755102040816326, "echo_chamber_effect": 1.0, "social_cost": 71.47185101487364, "poa": 1.2647251013425258}
{"step": 20, "polarization": 0.5684, "modularity": 0.7755102040816327, "echo_chamber_effect": 1.0, "social_cost": 71.47185101487364, "poa": 1.2647251013425258}
{"step": 21, "polarization": 0.5684, "modularity": 0.7755102040816326, "echo_chamber_effect": 1.0, "social_cost": 71.47185101487364, "poa": 1.2647251013425258}
{"step": 22, "polarization": 0.5684, "modularity": 0.7755102040816327, "echo_chamber_effect": 1.0, "social_cost": 71.47185101487364, "poa": 1.2647251013425258}
{"step": 23, "polarization": 0.5684, "modularity": 0.7755102040816327, "echo_chamber_effect": 1.0, "social_cost": 71.47185101487364, "poa": 1.2647251013425258}
{"step": 24, "polarization": 0.5684, "modularity": 0.7755102040816327, "echo_chamber_effect": 1.0, "social_cost": 71.47185101487364, "poa": 1.2647251013425258}
{"step": 25, "polarization": 0.5864, "modularity": 0.7640816326530612, "echo_chamber_effect": 1.0, "social_cost": 68.1585913589421, "poa": 1.2060955486638065}
{"step": 26, "polarization": 0.5864, "modularity": 0.7640816326530613, "echo_chamber_effect": 1.0, "social_cost": 68.1585913589421, "poa": 1.2060955486638065}
{"step": 27, "polarization": 0.6000999999999999, "modularity": 0.7493877551020408, "echo_chamber_effect": 1.0, "social_cost": 68.75180056597347, "poa": 1.2165926403695178}
{"step": 28, "polarization": 0.6000999999999999, "modularity": 0.7493877551020408, "echo_chamber_effect": 1.0, "social_cost": 68.75180056597347, "poa": 1.2165926403695178}
{"step": 29, "polarization": 0.6164000000000001, "modularity": 0.7493877551020408, "echo_chamber_effect": 1.0, "social_cost": 72.17153125794893, "poa": 1.277106243761051}
{"step": 30, "polarization": 0.6164000000000001, "modularity": 0.7493877551020409, "echo_chamber_effect": 1.0, "social_cost": 72.17153125794893, "poa": 1.277106243761051}
