{"step": 1, "polarization": 0.1882195616285269, "modularity": 0.7363834422657951, "echo_chamber_effect": 0.9785116513475637, "social_cost": 27.873817615212523, "poa": 0.49323917469083706}
{"step": 2, "polarization": 0.2907909595132135, "modularity": 0.7463582382844205, "echo_chamber_effect": 0.9884473687655676, "social_cost": 9.154166550383877, "poa": 0.1619869088843281}
{"step": 3, "polarization": 0.38282217583045364, "modularity": 0.7780896787626412, "echo_chamber_effect": 0.993364899280011, "social_cost": 3.626973019417468, "poa": 0.06418084538757449}
{"step": 4, "polarization": 0.4367527981484538, "modularity": 0.7755056513979774, "echo_chamber_effect": 0.9941419629881125, "social_cost": 2.0609809612031915, "poa": 0.03646994331349109}
{"step": 5, "polarization": 0.4680368508802657, "modularity": 0.7769394909312605, "echo_chamber_effect": 0.9950378126521437, "social_cost": 1.4396570284050239, "poa": 0.025475349459874938}
{"step": 6, "polarization": 0.4871480358817039, "modularity": 0.7593812337686778, "echo_chamber_effect": 0.9953541829627374, "social_cost": 1.1441231901425206, "poa": 0.02024575125807509}
{"step": 7, "polarization": 0.5029737343853308, "modularity": 0.7802926383173296, "echo_chamber_effect": 0.9958967690920676, "social_cost": 0.8951654424853753, "poa": 0.015840336984277066}
{"step": 8, "polarization": 0.5199945363835881, "modularity": 0.7834341995965348, "echo_chamber_effect": 0.9986979764954597, "social_cost": 0.3600531860392261, "poa": 0.006371295772197017}
{"step": 9, "polarization": 0.5244196111274905, "modularity": 0.7834341995965348, "echo_chamber_effect": 0.9988271423135489, "social_cost": 0.3362919740070002, "poa": 0.0059508309196885205}
{"step": 10, "polarization": 0.5258060778604188, "modularity": 0.7824218749999999, "echo_chamber_effect": 0.9988311147353846, "social_cost": 0.33545606375222353, "poa": 0.005936039128701245}
{"step": 11, "polarization": 0.5263999062049501, "modularity": 0.7824218749999999, "echo_chamber_effect": 0.9988316152296606, "social_cost": 0.3353912079438542, "poa": 0.00593489147731615}
{"step": 12, "polarization": 0.5266975974333339, "modularity": 0.7824218749999999, "echo_chamber_effect": 0.9988317932771462, "social_cost": 0.33538883543147313, "poa": 0.005934849494690557}
{"step": 13, "polarization": 0.526851501298478, "modularity": 0.7834341995965348, "echo_chamber_effect": 0.9988318719205197, "social_cost": 0.33539360862337886, "poa": 0.005934933958371446}
{"step": 14, "polarization": 0.5269310036582184, "modularity": 0.7868130107354591, "echo_chamber_effect": 0.9988319080806123, "social_cost": 0.33539748953866094, "poa": 0.005935002632834242}
{"step": 15, "polarization": 0.5269726056745204, "modularity": 0.7813741753790363, "echo_chamber_effect": 0.9988319248923354, "social_cost": 0.3353997952225776, "poa": 0.0059350434329014535}
{"step": 16, "polarization": 0.526996048207129, "modularity": 0.7813741753790363, "echo_chamber_effect": 0.998831932825591, "social_cost": 0.335401012313313, "poa": 0.005935064969844765}
{"step": 17, "polarization": 0.5270085755730016, "modularity": 0.7813741753790363, "echo_chamber_effect": 0.9988319366026202, "social_cost": 0.335401631538605, "poa": 0.0059350759273022686}
{"step": 18, "polarization": 0.5270150958553514, "modularity": 0.7813741753790363, "echo_chamber_effect": 0.9988319383894241, "social_cost": 0.33540194067267504, "poa": 0.005935081397562413}
{"step": 19, "polarization": 0.5270184957986463, "modularity": 0.7813741753790363, "echo_chamber_effect": 0.9988319392367788, "social_cost": 0.3354020921982866, "poa": 0.00593508407887319}
{"step": 20, "polarization": 0.5270202856633273, "modularity": 0.7813741753790363, "echo_chamber_effect": 0.998831939639621, "social_cost": 0.33540216563960135, "poa": 0.005935085378448798}
{"step": 21, "polarization": 0.5270212377304013, "modularity": 0.7813741753790363, "echo_chamber_effect": 0.9988319398314044, "social_cost": 0.335402201009358, "poa": 0.005935086004331834}
{"step": 22, "polarization": 0.5270217487165385, "modularity": 0.7807569152424675, "echo_chamber_effect": 0.9988319399186347, "social_cost": 0.33540221853045116, "poa": 0.005935086314375102}
{"step": 23, "polarization": 0.5270220250629865, "modularity": 0.7806795224977043, "echo_chamber_effect": 0.9988319399646379, "social_cost": 0.335402226564002, "poa": 0.005935086456532235}
{"step": 24, "polarization": 0.5270221755126946, "modularity": 0.7811728843083177, "echo_chamber_effect": 0.9988319399850577, "social_cost": 0.3354022305074452, "poa": 0.005935086526313157}
{"step": 25, "polarization": 0.5270222577954126, "modularity": 0.7811728843083177, "echo_chamber_effect": 0.9988319399987655, "social_cost": 0.33540223188509627, "poa": 0.005935086550691283}
{"step": 26, "polarization": 0.5270223031818725, "modularity": 0.7811728843083175, "echo_chamber_effect": 0.9988319400024297, "social_cost": 0.3354022327132531, "poa": 0.005935086565345874}
{"step": 27, "polarization": 0.5270223281747247, "modularity": 0.7811728843083177, "echo_chamber_effect": 0.9988319400042143, "social_cost": 0.3354022331282788, "poa": 0.005935086572689933}
{"step": 28, "polarization": 0.5270223419539672, "modularity": 0.7782640663842303, "echo_chamber_effect": 0.9988319400050987, "social_cost": 0.3354022333358847, "poa": 0.005935086576363608}
{"step": 29, "polarization": 0.527022349552577, "modularity": 0.7761704456071954, "echo_chamber_effect": 0.9988319400055404, "social_cost": 0.3354022334395065, "poa": 0.00593508657819724}
{"step": 30, "polarization": 0.5270223537088932, "modularity": 0.7750811249323959, "echo_chamber_effect": 0.9988319400057609, "social_cost": 0.3354022334912365, "poa": 0.005935086579112625}
