{"step": 1, "polarization": 0.1576380454931973, "modularity": 0.7924615562492774, "echo_chamber_effect": 0.9900590884320394, "social_cost": 60.026640438356175, "poa": 1.591979012920533}
{"step": 2, "polarization": 0.1357251050170068, "modularity": 0.8126181474480152, "echo_chamber_effect": 0.9959686980484185, "social_cost": 57.68177069503271, "poa": 1.5297902348689465}
{"step": 3, "polarization": 0.12528787377348058, "modularity": 0.8599999999999999, "echo_chamber_effect": 0.9976461564220023, "social_cost": 56.70322464611427, "poa": 1.5038380116280963}
{"step": 4, "polarization": 0.12024186623589765, "modularity": 0.8599999999999999, "echo_chamber_effect": 0.9991759303501677, "social_cost": 55.99569928240047, "poa": 1.4850735843352172}
{"step": 5, "polarization": 0.11711129387010734, "modularity": 0.8599999999999999, "echo_chamber_effect": 0.9996685675660079, "social_cost": 55.798641853510084, "poa": 1.4798473832877714}
{"step": 6, "polarization": 0.11499423716650836, "modularity": 0.8599999999999999, "echo_chamber_effect": 0.9998635366870694, "social_cost": 55.646439272885395, "poa": 1.4758107869982342}
{"step": 7, "polarization": 0.11362704369221958, "modularity": 0.8599999999999999, "echo_chamber_effect": 0.9999406583479116, "social_cost": 55.566355552793915, "poa": 1.4736868700051924}
{"step": 8, "polarization": 0.11271837523112214, "modularity": 0.8599999999999999, "echo_chamber_effect": 0.9999739096186242, "social_cost": 55.51021154354359, "poa": 1.4721978630613586}
{"step": 9, "polarization": 0.11212067384504404, "modularity": 0.8599999999999999, "echo_chamber_effect": 0.999988437189199, "social_cost": 55.47525899034864, "poa": 1.4712708791300908}
{"step": 10, "polarization": 0.11172422478862887, "modularity": 0.8599999999999999, "echo_chamber_effect": 0.9999948668759148, "social_cost": 55.45177098686902, "poa": 1.4706479489057454}
{"step": 11, "polarization": 0.11146163739972367, "modularity": 0.8599999999999999, "echo_chamber_effect": 0.9999977192615008, "social_cost": 55.436457793252416, "poa": 1.4702418245136355}
{"step": 12, "polarization": 0.11128718097944665, "modularity": 0.8599999999999999, "echo_chamber_effect": 0.9999989864402085, "social_cost": 55.42626449368372, "poa": 1.4699714858961939}
{"step": 13, "polarization": 0.11117123860218873, "modularity": 0.8599999999999999, "echo_chamber_effect": 0.9999995495389756, "social_cost": 55.41952483417037, "poa": 1.469792741984805}
{"step": 14, "polarization": 0.11109408805505368, "modularity": 0.8599999999999999, "echo_chamber_effect": 0.9999997997964094, "social_cost": 55.41504166271338, "poa": 1.4696738428623697}
{"step": 15, "polarization": 0.11104272937828526, "modularity": 0.8599999999999999, "echo_chamber_effect": 0.9999999110207031, "social_cost": 55.41206288114804, "poa": 1.4695948419770717}
{"step": 16, "polarization": 0.11100852189239094, "modularity": 0.8588334742180894, "echo_chamber_effect": 0.9999999604536474, "social_cost": 55.410079861997865, "poa": 1.4695422499138437}
{"step": 17, "polarization": 0.11098573220921615, "modularity": 0.8588334742180896, "echo_chamber_effect": 0.9999999824238406, "social_cost": 55.408759746088606, "poa": 1.4695072388453112}
{"step": 18, "polarization": 0.11097054570990707, "modularity": 0.8588334742180894, "echo_chamber_effect": 0.9999999921883723, "social_cost": 55.40788034090445, "poa": 1.46948391595756}
{"step": 19, "polarization": 0.110960424466809, "modularity": 0.8588334742180894, "echo_chamber_effect": 0.9999999965281652, "social_cost": 55.407294436167014, "poa": 1.4694683770561863}
{"step": 20, "polarization": 0.11095367832889146, "modularity": 0.8591682419659734, "echo_chamber_effect": 0.9999999984569623, "social_cost": 55.406903979145326, "poa": 1.469458021664323}
{"step": 21, "polarization": 0.11094918147736635, "modularity": 0.8595213319458896, "echo_chamber_effect": 0.9999999993142054, "social_cost": 55.406643744623985, "poa": 1.4694511199304698}
{"step": 22, "polarization": 0.11094618397434731, "modularity": 0.8595213319458896, "echo_chamber_effect": 0.9999999996952024, "social_cost": 55.4064702993444, "poa": 1.4694465199521438}
{"step": 23, "polarization": 0.11094418566077274, "modularity": 0.8595213319458896, "echo_chamber_effect": 0.9999999998645344, "social_cost": 55.40635466970187, "poa": 1.4694434533143506}
{"step": 24, "polarization": 0.11094285354057465, "modularity": 0.8595213319458896, "echo_chamber_effect": 0.9999999999397932, "social_cost": 55.40627759445303, "poa": 1.4694414091856491}
{"step": 25, "polarization": 0.11094196547396498, "modularity": 0.8595213319458896, "echo_chamber_effect": 0.9999999999732413, "social_cost": 55.40622621228565, "poa": 1.4694400464685038}
{"step": 26, "polarization": 0.1109413734442242, "modularity": 0.8595213319458896, "echo_chamber_effect": 0.9999999999881072, "social_cost": 55.406191959311606, "poa": 1.4694391380382565}
{"step": 27, "polarization": 0.11094097876136316, "modularity": 0.8595213319458896, "echo_chamber_effect": 0.9999999999947143, "social_cost": 55.40616912439339, "poa": 1.469438532428642}
{"step": 28, "polarization": 0.11094071564203219, "modularity": 0.8595213319458896, "echo_chamber_effect": 0.9999999999976509, "social_cost": 55.406153901426045, "poa": 1.4694381286971598}
{"step": 29, "polarization": 0.11094054022996933, "modularity": 0.8595213319458896, "echo_chamber_effect": 0.999999999998956, "social_cost": 55.406143752874684, "poa": 1.469437859545319}
{"step": 30, "polarization": 0.11094042328906734, "modularity": 0.8595213319458896, "echo_chamber_effect": 0.9999999999995359, "social_cost": 55.40613698723031, "poa": 1.4694376801122577}
