{"step": 1, "polarization": 0.1882195616285269, "modularity": 0.610310330268343, "echo_chamber_effect": 0.957298719379121, "social_cost": 61.953051778933684, "poa": 0.6663795987416298}
{"step": 2, "polarization": 0.278590771573113, "modularity": 0.6141698152269551, "echo_chamber_effect": 0.9627783769396437, "social_cost": 26.263782699225377, "poa": 0.2824985771322143}
{"step": 3, "polarization": 0.36610049588751037, "modularity": 0.6696386641441585, "echo_chamber_effect": 0.9636177944751008, "social_cost": 16.317141746336898, "poa": 0.17551048830223465}
{"step": 4, "polarization": 0.42517649665800145, "modularity": 0.6908573388203016, "echo_chamber_effect": 0.9682995438708757, "social_cost": 11.51070840015282, "poa": 0.1238115157312395}
{"step": 5, "polarization": 0.461953677180847, "modularity": 0.6824718858131488, "echo_chamber_effect": 0.9697905992881932, "social_cost": 10.098780909745928, "poa": 0.10862453708381224}
{"step": 6, "polarization": 0.4770978466207062, "modularity": 0.6824718858131488, "echo_chamber_effect": 0.9695863713767441, "social_cost": 10.075919952048439, "poa": 0.10837863998302597}
{"step": 7, "polarization": 0.48305273732176396, "modularity": 0.6869323096885813, "echo_chamber_effect": 0.969473403581662, "social_cost": 10.024729243981902, "poa": 0.1078280223375482}
{"step": 8, "polarization": 0.48641797525613334, "modularity": 0.6869323096885813, "echo_chamber_effect": 0.9694575411879752, "social_cost": 9.995002832696429, "poa": 0.10750827902457748}
{"step": 9, "polarization": 0.48831168409626147, "modularity": 0.6824718858131488, "echo_chamber_effect": 0.9694489329077566, "social_cost": 9.980369504670515, "poa": 0.10735087997839395}
{"step": 10, "polarization": 0.4893761562338312, "modularity": 0.6869323096885813, "echo_chamber_effect": 0.9694427725609585, "social_cost": 9.973377522776692, "poa": 0.1072756728020721}
{"step": 11, "polarization": 0.4899736909177673, "modularity": 0.6869323096885813, "echo_chamber_effect": 0.969438076170966, "social_cost": 9.970063117528644, "poa": 0.10724002238654226}
{"step": 12, "polarization": 0.49030892177694196, "modularity": 0.6824718858131488, "echo_chamber_effect": 0.9694347078140765, "social_cost": 9.96848667086901, "poa": 0.10722306580632031}
{"step": 13, "polarization": 0.49049701557176134, "modularity": 0.6824718858131488, "echo_chamber_effect": 0.9694324111990327, "social_cost": 9.967735434314264, "poa": 0.10721498535346871}
{"step": 14, "polarization": 0.49060261830729296, "modularity": 0.6869323096885813, "echo_chamber_effect": 0.9694309013232346, "social_cost": 9.967378178988886, "poa": 0.10721114264268147}
{"step": 15, "polarization": 0.49066196544140034, "modularity": 0.6824718858131488, "echo_chamber_effect": 0.9694299336457507, "social_cost": 9.967209588861179, "poa": 0.1072093292530513}
{"step": 16, "polarization": 0.49069535804382874, "modularity": 0.6869323096885813, "echo_chamber_effect": 0.969429324685404, "social_cost": 9.967131189279646, "poa": 0.1072084859712406}
{"step": 17, "polarization": 0.490714172490162, "modularity": 0.6824718858131488, "echo_chamber_effect": 0.9694289466088433, "social_cost": 9.967095593588054, "poa": 0.10720810309675742}
{"step": 18, "polarization": 0.4907247885043462, "modularity": 0.6824718858131488, "echo_chamber_effect": 0.9694287142856817, "social_cost": 9.967080035396, "poa": 0.10720793574968605}
{"step": 19, "polarization": 0.490730787518288, "modularity": 0.6824718858131488, "echo_chamber_effect": 0.96942857267584, "social_cost": 9.96707365226335, "poa": 0.10720786709141576}
{"step": 20, "polarization": 0.49073418261972107, "modularity": 0.6869323096885813, "echo_chamber_effect": 0.9694284869174773, "social_cost": 9.967071327919493, "poa": 0.1072078420903015}
{"step": 21, "polarization": 0.49073610693767533, "modularity": 0.6869323096885813, "echo_chamber_effect": 0.9694284352573477, "social_cost": 9.967070701390217, "poa": 0.10720783535122544}
{"step": 22, "polarization": 0.4907371992378775, "modularity": 0.6824718858131488, "echo_chamber_effect": 0.9694284042744933, "social_cost": 9.967070716861018, "poa": 0.10720783551763252}
{"step": 23, "polarization": 0.4907378201545752, "modularity": 0.6824718858131488, "echo_chamber_effect": 0.9694283857614058, "social_cost": 9.967070925110455, "poa": 0.10720783775760573}
{"step": 24, "polarization": 0.49073817360813543, "modularity": 0.6824718858131488, "echo_chamber_effect": 0.9694283747340886, "social_cost": 9.967071150856619, "poa": 0.10720784018577728}
{"step": 25, "polarization": 0.4907383750817446, "modularity": 0.6824718858131487, "echo_chamber_effect": 0.9694283681833503, "social_cost": 9.967071337133781, "poa": 0.10720784218941225}
{"step": 26, "polarization": 0.49073849007388076, "modularity": 0.6869323096885813, "echo_chamber_effect": 0.9694283643009473, "social_cost": 9.967071474383154, "poa": 0.10720784366569436}
{"step": 27, "polarization": 0.49073855578797876, "modularity": 0.6824718858131488, "echo_chamber_effect": 0.9694283620046165, "social_cost": 9.967071569415431, "poa": 0.10720784468788082}
{"step": 28, "polarization": 0.49073859338600057, "modularity": 0.6869323096885813, "echo_chamber_effect": 0.9694283606487911, "social_cost": 9.967071632689072, "poa": 0.10720784536846494}
{"step": 29, "polarization": 0.49073861492188775, "modularity": 0.6824718858131488, "echo_chamber_effect": 0.9694283598495028, "social_cost": 9.967071673701648, "poa": 0.10720784580960453}
{"step": 30, "polarization": 0.4907386272707551, "modularity": 0.6824718858131488, "echo_chamber_effect": 0.9694283593789434, "social_cost": 9.967071699772676, "poa": 0.1072078460900298}
