{"step": 1, "polarization": 0.20812993274185815, "modularity": 0.3909728127293271, "echo_chamber_effect": 0.8927451436183917, "social_cost": 132.35749142547783, "poa": 0.9480579985930614}
{"step": 2, "polarization": 0.2833002574532284, "modularity": 0.40786500018729166, "echo_chamber_effect": 0.874775804103883, "social_cost": 101.23286507935782, "poa": 0.7251167004250353}
{"step": 3, "polarization": 0.3404229787681441, "modularity": 0.4131834227776348, "echo_chamber_effect": 0.8671947755308606, "social_cost": 95.16371933821313, "poa": 0.681644267527205}
{"step": 4, "polarization": 0.38052818334136673, "modularity": 0.4127642372860193, "echo_chamber_effect": 0.8659514226035594, "social_cost": 92.99646145328819, "poa": 0.6661205057008951}
{"step": 5, "polarization": 0.4086945211080464, "modularity": 0.41510376693554707, "echo_chamber_effect": 0.8657707629203185, "social_cost": 93.29278576211232, "poa": 0.6682430348311518}
{"step": 6, "polarization": 0.42695787041635996, "modularity": 0.41666924965284663, "echo_chamber_effect": 0.86677798138163, "social_cost": 92.082308461101, "poa": 0.6595725570593268}
{"step": 7, "polarization": 0.439826827762962, "modularity": 0.417256775977754, "echo_chamber_effect": 0.8675830015714796, "social_cost": 91.7746671369623, "poa": 0.6573689657483531}
{"step": 8, "polarization": 0.4485739384674697, "modularity": 0.41884688737835596, "echo_chamber_effect": 0.8683669614654944, "social_cost": 92.2869862585625, "poa": 0.6610386351855282}
{"step": 9, "polarization": 0.45307289524362376, "modularity": 0.4236504705631624, "echo_chamber_effect": 0.8690038874083225, "social_cost": 91.79798914202735, "poa": 0.6575360179734068}
{"step": 10, "polarization": 0.45679834766974864, "modularity": 0.4285045387006955, "echo_chamber_effect": 0.871310004326756, "social_cost": 89.55711062169418, "poa": 0.641484921944034}
{"step": 11, "polarization": 0.4605920479414361, "modularity": 0.4317690257029324, "echo_chamber_effect": 0.873684132237237, "social_cost": 87.20152716158758, "poa": 0.6246122106478624}
{"step": 12, "polarization": 0.46404320395320764, "modularity": 0.43176902570293246, "echo_chamber_effect": 0.8752502845833453, "social_cost": 85.68908340909539, "poa": 0.6137787898756075}
{"step": 13, "polarization": 0.4662653534100609, "modularity": 0.4317690257029324, "echo_chamber_effect": 0.8751755454199891, "social_cost": 85.70836514013502, "poa": 0.6139169021890244}
{"step": 14, "polarization": 0.46815912621401023, "modularity": 0.43176902570293246, "echo_chamber_effect": 0.8752932285846086, "social_cost": 85.66752166970295, "poa": 0.6136243461847032}
{"step": 15, "polarization": 0.4690568193670333, "modularity": 0.43176902570293246, "echo_chamber_effect": 0.875263605757007, "social_cost": 85.67094468417521, "poa": 0.6136488647534277}
{"step": 16, "polarization": 0.4694768608875616, "modularity": 0.43176902570293246, "echo_chamber_effect": 0.8752458695391824, "social_cost": 85.67817146715112, "poa": 0.6137006291781734}
{"step": 17, "polarization": 0.4696731206258427, "modularity": 0.43176902570293246, "echo_chamber_effect": 0.8752387171946898, "social_cost": 85.6809564878142, "poa": 0.6137205778874413}
{"step": 18, "polarization": 0.469765589489912, "modularity": 0.43176902570293246, "echo_chamber_effect": 0.8752352805501601, "social_cost": 85.68249460968288, "poa": 0.6137315952369294}
{"step": 19, "polarization": 0.4698093598091718, "modularity": 0.4317690257029324, "echo_chamber_effect": 0.8752336185397656, "social_cost": 85.68333130840716, "poa": 0.6137375883916004}
{"step": 20, "polarization": 0.46983018738810123, "modularity": 0.43176902570293246, "echo_chamber_effect": 0.8752328003816497, "social_cost": 85.68379271727663, "poa": 0.6137408933980991}
{"step": 21, "polarization": 0.4698401535080689, "modularity": 0.4317690257029324, "echo_chamber_effect": 0.8752323936743924, "social_cost": 85.68404737748087, "poa": 0.6137427174931387}
{"step": 22, "polarization": 0.4698449517324967, "modularity": 0.4317690257029324, "echo_chamber_effect": 0.8752321896607903, "social_cost": 85.68418796783003, "poa": 0.6137437245219333}
{"step": 23, "polarization": 0.4698472773613076, "modularity": 0.4317690257029324, "echo_chamber_effect": 0.875232086443454, "social_cost": 85.68426557246428, "poa": 0.6137442803929568}
{"step": 24, "polarization": 0.4698484127115404, "modularity": 0.4317690257029324, "echo_chamber_effect": 0.875232033785363, "social_cost": 85.68430840265263, "poa": 0.6137445871795407}
{"step": 25, "polarization": 0.4698489712379783, "modularity": 0.4317690257029324, "echo_chamber_effect": 0.8752320067034207, "social_cost": 85.68433203740473, "poa": 0.6137447564719285}
{"step": 26, "polarization": 0.46984924821000723, "modularity": 0.43176902570293246, "echo_chamber_effect": 0.8752319926674335, "social_cost": 85.68434507814246, "poa": 0.6137448498808892}
{"step": 27, "polarization": 0.46984938669726717, "modularity": 0.4317690257029324, "echo_chamber_effect": 0.8752319853398247, "social_cost": 85.68435227284144, "poa": 0.6137449014155008}
{"step": 28, "polarization": 0.4698494565224181, "modularity": 0.4317690257029324, "echo_chamber_effect": 0.8752319814884595, "social_cost": 85.68435624192108, "poa": 0.6137449298454571}
{"step": 29, "polarization": 0.4698494920224265, "modularity": 0.4317690257029324, "echo_chamber_effect": 0.8752319794516203, "social_cost": 85.68435843139393, "poa": 0.6137449455283416}
{"step": 30, "polarization": 0.4698495102188798, "modularity": 0.43176902570293246, "echo_chamber_effect": 0.875231978368355, "social_cost": 85.68435963911502, "poa": 0.613744954179077}
