{"step": 1, "polarization": 0.12203967701247163, "modularity": 0.7518446180555556, "echo_chamber_effect": 0.9910273440117472, "social_cost": 42.8485122308344, "poa": 1.1704980422414637}
{"step": 2, "polarization": 0.10599502135298565, "modularity": 0.8474968204416697, "echo_chamber_effect": 0.9969513665763489, "social_cost": 40.76729085963133, "poa": 1.1136450638383708}
{"step": 3, "polarization": 0.1044384358798046, "modularity": 0.8620037807183365, "echo_chamber_effect": 0.999730777256425, "social_cost": 40.82183143178874, "poa": 1.1151349553097258}
{"step": 4, "polarization": 0.10367647219267222, "modularity": 0.8620037807183365, "echo_chamber_effect": 0.9999489855119696, "social_cost": 40.80897656786246, "poa": 1.1147837974217243}
{"step": 5, "polarization": 0.10304874018717505, "modularity": 0.8620037807183365, "echo_chamber_effect": 0.9999803791106596, "social_cost": 40.82930627337829, "poa": 1.1153391464704248}
{"step": 6, "polarization": 0.1026571143531628, "modularity": 0.8620037807183365, "echo_chamber_effect": 0.9999914083603033, "social_cost": 40.84432459899328, "poa": 1.115749403905628}
{"step": 7, "polarization": 0.10240449462258482, "modularity": 0.8620037807183365, "echo_chamber_effect": 0.99999617511712, "social_cost": 40.85126876215391, "poa": 1.1159390984588653}
{"step": 8, "polarization": 0.10223954515051215, "modularity": 0.8620037807183365, "echo_chamber_effect": 0.9999982978049078, "social_cost": 40.85716073552287, "poa": 1.1161000502150467}
{"step": 9, "polarization": 0.10213096376533842, "modularity": 0.8620037807183365, "echo_chamber_effect": 0.999999242211632, "social_cost": 40.86084014593973, "poa": 1.116200561118817}
{"step": 10, "polarization": 0.10205909744373035, "modularity": 0.8620037807183365, "echo_chamber_effect": 0.9999996629900594, "social_cost": 40.86344928682908, "poa": 1.116271835339179}
{"step": 11, "polarization": 0.10201140102538252, "modularity": 0.8620037807183365, "echo_chamber_effect": 0.9999998501441693, "social_cost": 40.86516820746864, "poa": 1.1163187913042434}
{"step": 12, "polarization": 0.10197968822089361, "modularity": 0.8620037807183365, "echo_chamber_effect": 0.9999999333855165, "social_cost": 40.8663346774826, "poa": 1.1163506559080905}
{"step": 13, "polarization": 0.10195858210412334, "modularity": 0.8620037807183365, "echo_chamber_effect": 0.9999999703897874, "social_cost": 40.867111450106265, "poa": 1.116371875100728}
{"step": 14, "polarization": 0.10194452607759633, "modularity": 0.8620037807183365, "echo_chamber_effect": 0.9999999868393032, "social_cost": 40.867632202797026, "poa": 1.1163861005655877}
{"step": 15, "polarization": 0.10193516171744225, "modularity": 0.8620037807183365, "echo_chamber_effect": 0.9999999941506135, "social_cost": 40.86797955123008, "poa": 1.1163955891251596}
{"step": 16, "polarization": 0.1019289214909275, "modularity": 0.8620037807183365, "echo_chamber_effect": 0.9999999974002427, "social_cost": 40.868211562680685, "poa": 1.1164019270102943}
{"step": 17, "polarization": 0.10192476250693183, "modularity": 0.8620037807183365, "echo_chamber_effect": 0.999999998844543, "social_cost": 40.868366311691375, "poa": 1.1164061543079207}
{"step": 18, "polarization": 0.10192199035509461, "modularity": 0.8616024973985432, "echo_chamber_effect": 0.9999999994864621, "social_cost": 40.868469551551, "poa": 1.1164089745237762}
{"step": 19, "polarization": 0.10192014248931067, "modularity": 0.8616024973985432, "echo_chamber_effect": 0.9999999997717605, "social_cost": 40.86853839709251, "poa": 1.1164108551858425}
{"step": 20, "polarization": 0.10191891066736057, "modularity": 0.8616024973985432, "echo_chamber_effect": 0.99999999989856, "social_cost": 40.86858430765413, "poa": 1.116412109330262}
{"step": 21, "polarization": 0.10191808949739276, "modularity": 0.8616024973985432, "echo_chamber_effect": 0.9999999999549156, "social_cost": 40.86861491852687, "poa": 1.1164129455312115}
{"step": 22, "polarization": 0.10191754206785858, "modularity": 0.8616024973985432, "echo_chamber_effect": 0.9999999999799625, "social_cost": 40.868635328309324, "poa": 1.1164135030677316}
{"step": 23, "polarization": 0.1019171771233768, "modularity": 0.8616024973985432, "echo_chamber_effect": 0.9999999999910943, "social_cost": 40.86864893567832, "poa": 1.1164138747818926}
{"step": 24, "polarization": 0.10191693383054246, "modularity": 0.8616024973985432, "echo_chamber_effect": 0.9999999999960419, "social_cost": 40.86865800772698, "poa": 1.1164141226041537}
{"step": 25, "polarization": 0.1019167716369779, "modularity": 0.8616024973985432, "echo_chamber_effect": 0.9999999999982409, "social_cost": 40.86866405593666, "poa": 1.1164142878238366}
{"step": 26, "polarization": 0.10191666350863862, "modularity": 0.8616024973985432, "echo_chamber_effect": 0.9999999999992182, "social_cost": 40.868668088165435, "poa": 1.1164143979727223}
{"step": 27, "polarization": 0.10191659142340292, "modularity": 0.8616024973985432, "echo_chamber_effect": 0.9999999999996525, "social_cost": 40.868670776354094, "poa": 1.1164144714063005}
{"step": 28, "polarization": 0.10191654336671942, "modularity": 0.8616024973985432, "echo_chamber_effect": 0.9999999999998456, "social_cost": 40.86867256849706, "poa": 1.1164145203624887}
{"step": 29, "polarization": 0.101916511328994, "modularity": 0.8616024973985432, "echo_chamber_effect": 0.9999999999999314, "social_cost": 40.868673763266315, "poa": 1.1164145530001464}
{"step": 30, "polarization": 0.10191648997053818, "modularity": 0.8616024973985432, "echo_chamber_effect": 0.9999999999999695, "social_cost": 40.868674559782505, "poa": 1.1164145747586764}
