{"step": 1, "polarization": 0.12203967701247163, "modularity": 0.8683547493071302, "echo_chamber_effect": 0.993971161083061, "social_cost": 28.411296513677964, "poa": 1.1068016134353194}
{"step": 2, "polarization": 0.11102693806689343, "modularity": 0.8833459309649785, "echo_chamber_effect": 0.9984184787311254, "social_cost": 26.94644699995653, "poa": 1.049736361082394}
{"step": 3, "polarization": 0.10868741805732707, "modularity": 0.8822021484375, "echo_chamber_effect": 0.9996345010725831, "social_cost": 26.906207164288855, "poa": 1.0481687622570495}
{"step": 4, "polarization": 0.10809072354202097, "modularity": 0.8984375, "echo_chamber_effect": 0.9998757297914436, "social_cost": 26.76404045300587, "poa": 1.0426304600768217}
{"step": 5, "polarization": 0.10718125661892362, "modularity": 0.8984375, "echo_chamber_effect": 0.9999810601292012, "social_cost": 26.782418881806375, "poa": 1.0433464173594824}
{"step": 6, "polarization": 0.1069217694271719, "modularity": 0.8984375, "echo_chamber_effect": 0.9999949669785332, "social_cost": 26.75748743417135, "poa": 1.0423751781041941}
{"step": 7, "polarization": 0.10677748692159156, "modularity": 0.8984375, "echo_chamber_effect": 0.9999987430588831, "social_cost": 26.769764020672458, "poa": 1.0428534296243372}
{"step": 8, "polarization": 0.10670773929435054, "modularity": 0.8984375, "echo_chamber_effect": 0.9999996636854882, "social_cost": 26.76500203117644, "poa": 1.042667919693285}
{"step": 9, "polarization": 0.10667136679222473, "modularity": 0.8984375, "echo_chamber_effect": 0.9999999159210617, "social_cost": 26.768271294571687, "poa": 1.0427952784007226}
{"step": 10, "polarization": 0.10665322625870824, "modularity": 0.8984375, "echo_chamber_effect": 0.9999999774950236, "social_cost": 26.76710447078761, "poa": 1.0427498231556165}
{"step": 11, "polarization": 0.10664375173318737, "modularity": 0.8984375, "echo_chamber_effect": 0.9999999943737545, "social_cost": 26.767931217799255, "poa": 1.0427820302365551}
{"step": 12, "polarization": 0.106639017576209, "modularity": 0.8984375, "echo_chamber_effect": 0.9999999984940163, "social_cost": 26.767642882551243, "poa": 1.0427707977355127}
{"step": 13, "polarization": 0.10663654742030924, "modularity": 0.8984375, "echo_chamber_effect": 0.9999999996235042, "social_cost": 26.767851089495636, "poa": 1.042778908726923}
{"step": 14, "polarization": 0.10663531255313652, "modularity": 0.8984375, "echo_chamber_effect": 0.9999999998992499, "social_cost": 26.767779675708056, "poa": 1.0427761267033968}
{"step": 15, "polarization": 0.1066346692133264, "modularity": 0.8984375, "echo_chamber_effect": 0.9999999999748126, "social_cost": 26.767832051114084, "poa": 1.042778167060262}
{"step": 16, "polarization": 0.10663434755770769, "modularity": 0.8984375, "echo_chamber_effect": 0.9999999999932632, "social_cost": 26.76781435347304, "poa": 1.0427774776240144}
{"step": 17, "polarization": 0.1066341802440423, "modularity": 0.8984375, "echo_chamber_effect": 0.9999999999983159, "social_cost": 26.76782752444892, "poa": 1.0427779907177182}
{"step": 18, "polarization": 0.10663409658817652, "modularity": 0.8984375, "echo_chamber_effect": 0.9999999999995498, "social_cost": 26.76782313819757, "poa": 1.0427778198451898}
{"step": 19, "polarization": 0.10663405313814846, "modularity": 0.8984375, "echo_chamber_effect": 0.9999999999998874, "social_cost": 26.76782644996762, "poa": 1.042777948859803}
{"step": 20, "polarization": 0.10663403141319971, "modularity": 0.8984375, "echo_chamber_effect": 0.99999999999997, "social_cost": 26.767825362890864, "poa": 1.0427779065112144}
{"step": 21, "polarization": 0.10663402014515878, "modularity": 0.8984375, "echo_chamber_effect": 0.9999999999999925, "social_cost": 26.76782619557277, "poa": 1.0427779389494976}
{"step": 22, "polarization": 0.10663401451114271, "modularity": 0.8984375, "echo_chamber_effect": 0.999999999999998, "social_cost": 26.767825926171472, "poa": 1.0427779284545948}
{"step": 23, "polarization": 0.10663401159274016, "modularity": 0.8984375, "echo_chamber_effect": 0.9999999999999994, "social_cost": 26.767826135525645, "poa": 1.042777936610278}
{"step": 24, "polarization": 0.10663401013353918, "modularity": 0.8984375, "echo_chamber_effect": 0.9999999999999999, "social_cost": 26.767826068767054, "poa": 1.0427779340096042}
{"step": 25, "polarization": 0.10663400937858984, "modularity": 0.8984375, "echo_chamber_effect": 1.0, "social_cost": 26.76782612140144, "poa": 1.04277793606005}
{"step": 26, "polarization": 0.10663400899335668, "modularity": 0.8975147928994084, "echo_chamber_effect": 1.0, "social_cost": 26.76782610540455, "poa": 1.042777935436869}
{"step": 27, "polarization": 0.10663400874483728, "modularity": 0.8977500556916908, "echo_chamber_effect": 1.0, "social_cost": 26.767826117471483, "poa": 1.0427779359069531}
{"step": 28, "polarization": 0.10663400879871453, "modularity": 0.8977500556916908, "echo_chamber_effect": 1.0, "social_cost": 26.767826117943237, "poa": 1.0427779359253309}
{"step": 29, "polarization": 0.1066340087917715, "modularity": 0.8977500556916908, "echo_chamber_effect": 1.0, "social_cost": 26.76782612166, "poa": 1.0427779360701226}
{"step": 30, "polarization": 0.10663400882045827, "modularity": 0.8977500556916908, "echo_chamber_effect": 1.0, "social_cost": 26.767826121313494, "poa": 1.042777936056624}
