{"step": 1, "polarization": 0.19333196331669922, "modularity": 0.7949710812665425, "echo_chamber_effect": 0.9854697242345221, "social_cost": 65.78955272455961, "poa": 1.7676454984463124}
{"step": 2, "polarization": 0.15825161851646977, "modularity": 0.8455733871824848, "echo_chamber_effect": 0.9896663516627894, "social_cost": 62.091455651948785, "poa": 1.6682843632431883}
{"step": 3, "polarization": 0.13494196533542005, "modularity": 0.8455733871824848, "echo_chamber_effect": 0.9940325862030195, "social_cost": 59.759562080111614, "poa": 1.6056306286544881}
{"step": 4, "polarization": 0.11946909833402417, "modularity": 0.8455733871824848, "echo_chamber_effect": 0.9969774483178881, "social_cost": 58.210228512497295, "poa": 1.564002856569592}
{"step": 5, "polarization": 0.10982828879979602, "modularity": 0.8455733871824848, "echo_chamber_effect": 0.9985218952654143, "social_cost": 57.25541223674962, "poa": 1.5383486816774956}
{"step": 6, "polarization": 0.1037441764298184, "modularity": 0.8455733871824848, "echo_chamber_effect": 0.9993139856414592, "social_cost": 56.66318936769945, "poa": 1.5224367314483114}
{"step": 7, "polarization": 0.09990173978152495, "modularity": 0.8455733871824848, "echo_chamber_effect": 0.9996865079797813, "social_cost": 56.29403928994997, "poa": 1.512518340971986}
{"step": 8, "polarization": 0.09743927760146155, "modularity": 0.8455733871824848, "echo_chamber_effect": 0.9998589076666746, "social_cost": 56.06088200051102, "poa": 1.506253829115032}
{"step": 9, "polarization": 0.09584752299890885, "modularity": 0.8455733871824848, "echo_chamber_effect": 0.9999368056349998, "social_cost": 55.91161315870654, "poa": 1.502243247110034}
{"step": 10, "polarization": 0.09480891808850343, "modularity": 0.8455733871824848, "echo_chamber_effect": 0.9999718143766637, "social_cost": 55.815021506941974, "poa": 1.4996480052918693}
{"step": 11, "polarization": 0.09412714525795104, "modularity": 0.8455733871824848, "echo_chamber_effect": 0.9999874464520276, "social_cost": 55.75195859123813, "poa": 1.4979536195657723}
{"step": 12, "polarization": 0.09367739981848634, "modularity": 0.8455733871824848, "echo_chamber_effect": 0.9999944151888722, "social_cost": 55.71052929958406, "poa": 1.4968404899294798}
{"step": 13, "polarization": 0.09337975653119412, "modularity": 0.8455733871824848, "echo_chamber_effect": 0.9999975164248311, "social_cost": 55.68318546250782, "poa": 1.4961058108122585}
{"step": 14, "polarization": 0.09318230572500845, "modularity": 0.8455733871824848, "echo_chamber_effect": 0.9999988958918633, "social_cost": 55.665081276037355, "poa": 1.495619384284151}
{"step": 15, "polarization": 0.09305111436129077, "modularity": 0.8455733871824848, "echo_chamber_effect": 0.9999995092081374, "social_cost": 55.65306780687316, "poa": 1.4952966042406732}
{"step": 16, "polarization": 0.0929638509673906, "modularity": 0.8448117539026629, "echo_chamber_effect": 0.9999997818542291, "social_cost": 55.64508401821976, "poa": 1.4950820943756677}
{"step": 17, "polarization": 0.09290576419747146, "modularity": 0.8456, "echo_chamber_effect": 0.9999999030422021, "social_cost": 55.63977274692241, "poa": 1.4949393901861576}
{"step": 18, "polarization": 0.09286707918010348, "modularity": 0.8463876090579354, "echo_chamber_effect": 0.9999999569067821, "social_cost": 55.63623693358327, "poa": 1.4948443893194021}
{"step": 19, "polarization": 0.09284130673595062, "modularity": 0.8460207612456748, "echo_chamber_effect": 0.9999999808472395, "social_cost": 55.63388196868168, "poa": 1.4947811157001891}
{"step": 20, "polarization": 0.09282413302779281, "modularity": 0.8460207612456747, "echo_chamber_effect": 0.9999999914876139, "social_cost": 55.63231300066685, "poa": 1.494738960386256}
{"step": 21, "polarization": 0.09281268743559368, "modularity": 0.8460207612456747, "echo_chamber_effect": 0.9999999962167074, "social_cost": 55.63126746342768, "poa": 1.4947108687042527}
{"step": 22, "polarization": 0.09280505858345524, "modularity": 0.8460207612456747, "echo_chamber_effect": 0.9999999983185341, "social_cost": 55.630570639784075, "poa": 1.4946921463216583}
{"step": 23, "polarization": 0.09279997338750792, "modularity": 0.8460207612456748, "echo_chamber_effect": 0.9999999992526815, "social_cost": 55.630106178972966, "poa": 1.494679667105309}
{"step": 24, "polarization": 0.09279658356449982, "modularity": 0.8460207612456748, "echo_chamber_effect": 0.9999999996678582, "social_cost": 55.629796578131845, "poa": 1.4946713486943994}
{"step": 25, "polarization": 0.09279432382142148, "modularity": 0.8460207612456747, "echo_chamber_effect": 0.9999999998523814, "social_cost": 55.62959019508981, "poa": 1.4946658035578224}
{"step": 26, "polarization": 0.09279281738712321, "modularity": 0.8460207612456749, "echo_chamber_effect": 0.9999999999343917, "social_cost": 55.62945261423257, "poa": 1.4946621070106823}
{"step": 27, "polarization": 0.0927918131249827, "modularity": 0.8460207612456748, "echo_chamber_effect": 0.9999999999708409, "social_cost": 55.629360897130226, "poa": 1.4946596427391319}
{"step": 28, "polarization": 0.09279114362899471, "modularity": 0.8460207612456749, "echo_chamber_effect": 0.9999999999870403, "social_cost": 55.62929975394313, "poa": 1.4946579999330183}
{"step": 29, "polarization": 0.09279069730374177, "modularity": 0.8460207612456748, "echo_chamber_effect": 0.9999999999942403, "social_cost": 55.62925899250468, "poa": 1.4946569047473817}
{"step": 30, "polarization": 0.09279039975596678, "modularity": 0.8460207612456747, "echo_chamber_effect": 0.9999999999974402, "social_cost": 55.6292318185179, "poa": 1.4946561746318325}
