{"step": 1, "polarization": 0.5329, "modularity": 0.6073548210372536, "echo_chamber_effect": 0.9449142923597686, "social_cost": 17.5, "poa": 0.18823355174803363}
{"step": 2, "polarization": 0.5329, "modularity": 0.6073548210372536, "echo_chamber_effect": 0.9449142923597686, "social_cost": 17.5, "poa": 0.18823355174803363}
{"step": 3, "polarization": 0.5329, "modularity": 0.6073548210372536, "echo_chamber_effect": 0.9449142923597686, "social_cost": 17.5, "poa": 0.18823355174803363}
{"step": 4, "polarization": 0.5329, "modularity": 0.6073548210372536, "echo_chamber_effect": 0.9449142923597686, "social_cost": 17.5, "poa": 0.18823355174803363}
{"step": 5, "polarization": 0.5329, "modularity": 0.6073548210372536, "echo_chamber_effect": 0.9449142923597686, "social_cost": 17.5, "poa": 0.18823355174803363}
{"step": 6, "polarization": 0.5329, "modularity": 0.6073548210372536, "echo_chamber_effect": 0.9449142923597686, "social_cost": 17.5, "poa": 0.18823355174803363}
{"step": 7, "polarization": 0.5329, "modularity": 0.6073548210372536, "echo_chamber_effect": 0.9449142923597686, "social_cost": 17.5, "poa": 0.18823355174803363}
{"step": 8, "polarization": 0.5329, "modularity": 0.6073548210372536, "echo_chamber_effect": 0.9449142923597686, "social_cost": 17.5, "poa": 0.18823355174803363}
{"step": 9, "polarization": 0.5329, "modularity": 0.6073548210372536, "echo_chamber_effect": 0.9449142923597686, "social_cost": 17.5, "poa": 0.18823355174803363}
{"step": 10, "polarization": 0.5329, "modularity": 0.6073548210372536, "echo_chamber_effect": 0.9449142923597686, "social_cost": 17.5, "poa": 0.18823355174803363}
{"step": 11, "polarization": 0.5329, "modularity": 0.6073548210372536, "echo_chamber_effect": 0.9449142923597686, "social_cost": 17.5, "poa": 0.18823355174803363}
{"step": 12, "polarization": 0.5329, "modularity": 0.6073548210372536, "echo_chamber_effect": 0.9449142923597686, "social_cost": 17.5, "poa": 0.18823355174803363}
{"step": 13, "polarization": 0.5329, "modularity": 0.6073548210372536, "echo_chamber_effect": 0.9449142923597686, "social_cost": 17.5, "poa": 0.18823355174803363}
{"step": 14, "polarization": 0.5329, "modularity": 0.6073548210372536, "echo_chamber_effect": 0.9449142923597686, "social_cost": 17.5, "poa": 0.18823355174803363}
{"step": 15, "polarization": 0.5329, "modularity": 0.6073548210372536, "echo_chamber_effect": 0.9449142923597686, "social_cost": 17.5, "poa": 0.18823355174803363}
{"step": 16, "polarization": 0.5329, "modularity": 0.6073548210372536, "echo_chamber_effect": 0.9449142923597686, "social_cost": 17.5, "poa": 0.18823355174803363}
{"step": 17, "polarization": 0.5329, "modularity": 0.6073548210372536, "echo_chamber_effect": 0.9449142923597686, "social_cost": 17.5, "poa": 0.18823355174803363}
{"step": 18, "polarization": 0.5329, "modularity": 0.6073548210372536, "echo_chamber_effect": 0.9449142923597686, "social_cost": 17.5, "poa": 0.18823355174803363}
{"step": 19, "polarization": 0.5329, "modularity": 0.6073548210372536, "echo_chamber_effect": 0.9449142923597686, "social_cost": 17.5, "poa": 0.18823355174803363}
{"step": 20, "polarization": 0.5329, "modularity": 0.6073548210372536, "echo_chamber_effect": 0.9449142923597686, "social_cost": 17.5, "poa": 0.18823355174803363}
{"step": 21, "polarization": 0.5329, "modularity": 0.6073548210372536, "echo_chamber_effect": 0.9449142923597686, "social_cost": 17.5, "poa": 0.18823355174803363}
{"step": 22, "polarization": 0.5329, "modularity": 0.6073548210372536, "echo_chamber_effect": 0.9449142923597686, "social_cost": 17.5, "poa": 0.18823355174803363}
{"step": 23, "polarization": 0.5329, "modularity": 0.6073548210372536, "echo_chamber_effect": 0.9449142923597686, "social_cost": 17.5, "poa": 0.18823355174803363}
{"step": 24, "polarization": 0.5329, "modularity": 0.6073548210372536, "echo_chamber_effect": 0.9449142923597686, "social_cost": 17.5, "poa": 0.18823355174803363}
{"step": 25, "polarization": 0.5329, "modularity": 0.6073548210372536, "echo_chamber_effect": 0.9449142923597686, "social_cost": 17.5, "poa": 0.18823355174803363}
{"step": 26, "polarization": 0.5329, "modularity": 0.6073548210372536, "echo_chamber_effect": 0.9449142923597686, "social_cost": 17.5, "poa": 0.18823355174803363}
{"step": 27, "polarization": 0.5329, "modularity": 0.6073548210372536, "echo_chamber_effect": 0.9449142923597686, "social_cost": 17.5, "poa": 0.18823355174803363}
{"step": 28, "polarization": 0.5329, "modularity": 0.6073548210372536, "echo_chamber_effect": 0.9449142923597686, "social_cost": 17.5, "poa": 0.18823355174803363}
{"step": 29, "polarization": 0.5329, "modularity": 0.6073548210372536, "echo_chamber_effect": 0.9449142923597686, "social_cost": 17.5, "poa": 0.18823355174803363}
{"step": 30, "polarization": 0.5329, "modularity": 0.6073548210372536, "echo_chamber_effect": 0.9449142923597686, "social_cost": 17.5, "poa": 0.18823355174803363}
