{"step": 1, "polarization": 0.20277871276765488, "modularity": 0.8014404432132964, "echo_chamber_effect": 0.9886852563765067, "social_cost": 13.53423177225084, "poa": 0.3589441751209165}
{"step": 2, "polarization": 0.3143445336600895, "modularity": 0.8224040811988522, "echo_chamber_effect": 0.9937362632196427, "social_cost": 4.2642372371782935, "poa": 0.1130927224666779}
{"step": 3, "polarization": 0.40559111982080537, "modularity": 0.8249500000000001, "echo_chamber_effect": 0.9965391663557093, "social_cost": 1.5019817664670276, "poa": 0.0398343707484406}
{"step": 4, "polarization": 0.45934663758992583, "modularity": 0.8337924701561066, "echo_chamber_effect": 0.9971671195793808, "social_cost": 0.615857813560801, "poa": 0.01633329313405051}
{"step": 5, "polarization": 0.4866121481293716, "modularity": 0.8660538790611632, "echo_chamber_effect": 0.9978594912031716, "social_cost": 0.43539953184406044, "poa": 0.011547321520400437}
{"step": 6, "polarization": 0.5005831809338845, "modularity": 0.8660538790611632, "echo_chamber_effect": 0.9979490027095674, "social_cost": 0.39586023140250215, "poa": 0.010498691511643544}
{"step": 7, "polarization": 0.5080674162963086, "modularity": 0.8761706555671174, "echo_chamber_effect": 0.9979579864256404, "social_cost": 0.38419005334391854, "poa": 0.010189184292671493}
{"step": 8, "polarization": 0.5120993811229191, "modularity": 0.8761706555671174, "echo_chamber_effect": 0.9979597582521976, "social_cost": 0.38040746828318645, "poa": 0.010088865567730419}
{"step": 9, "polarization": 0.5142902062598866, "modularity": 0.8761706555671174, "echo_chamber_effect": 0.9979599968067947, "social_cost": 0.37910820126128925, "poa": 0.010054407436874933}
{"step": 10, "polarization": 0.5154950783898691, "modularity": 0.8761706555671174, "echo_chamber_effect": 0.9979597642734598, "social_cost": 0.3786434218935965, "poa": 0.010042080926618789}
{"step": 11, "polarization": 0.5161647185347222, "modularity": 0.8761706555671174, "echo_chamber_effect": 0.9979595302941925, "social_cost": 0.3784700547916037, "poa": 0.010037483021657127}
{"step": 12, "polarization": 0.5165405273679069, "modularity": 0.8761706555671174, "echo_chamber_effect": 0.9979593963465442, "social_cost": 0.37840098855785353, "poa": 0.010035651301710304}
{"step": 13, "polarization": 0.5167532909226028, "modularity": 0.8761706555671174, "echo_chamber_effect": 0.9979593113139703, "social_cost": 0.37837245963500277, "poa": 0.010034894680215114}
{"step": 14, "polarization": 0.5168746685602319, "modularity": 0.8761706555671174, "echo_chamber_effect": 0.9979592644302301, "social_cost": 0.3783599713011913, "poa": 0.010034563474517295}
{"step": 15, "polarization": 0.5169443766924694, "modularity": 0.8761706555671174, "echo_chamber_effect": 0.9979592382937585, "social_cost": 0.37835427523621773, "poa": 0.010034412407993697}
{"step": 16, "polarization": 0.516984640567104, "modularity": 0.8761706555671174, "echo_chamber_effect": 0.9979592240769756, "social_cost": 0.3783515712202012, "poa": 0.010034340694222654}
{"step": 17, "polarization": 0.5170080111835215, "modularity": 0.8761706555671174, "echo_chamber_effect": 0.9979592163819961, "social_cost": 0.378350248624312, "poa": 0.010034305617382059}
{"step": 18, "polarization": 0.5170216325364811, "modularity": 0.8761706555671174, "echo_chamber_effect": 0.9979592122485569, "social_cost": 0.37834958648967243, "poa": 0.010034288056771598}
{"step": 19, "polarization": 0.5170295993075403, "modularity": 0.8761706555671174, "echo_chamber_effect": 0.9979592100375273, "social_cost": 0.3783492495324902, "poa": 0.010034279120260102}
{"step": 20, "polarization": 0.5170342724865393, "modularity": 0.8761706555671174, "echo_chamber_effect": 0.9979592088593212, "social_cost": 0.37834907609837726, "poa": 0.010034274520577929}
{"step": 21, "polarization": 0.5170370204099395, "modularity": 0.875, "echo_chamber_effect": 0.9979592082332922, "social_cost": 0.37834898616092205, "poa": 0.010034272135327978}
{"step": 22, "polarization": 0.5170386395254922, "modularity": 0.875, "echo_chamber_effect": 0.9979592079057659, "social_cost": 0.3783489389575179, "poa": 0.010034270883436683}
{"step": 23, "polarization": 0.5170395951771701, "modularity": 0.875, "echo_chamber_effect": 0.9979592077273973, "social_cost": 0.37834891455164205, "poa": 0.010034270236163373}
{"step": 24, "polarization": 0.5170401599744039, "modularity": 0.875, "echo_chamber_effect": 0.9979592076269596, "social_cost": 0.37834890234502994, "poa": 0.010034269912429275}
{"step": 25, "polarization": 0.5170404941939093, "modularity": 0.8333333333333334, "echo_chamber_effect": 0.9979592075839071, "social_cost": 0.3783488954820479, "poa": 0.010034269730414703}
{"step": 26, "polarization": 0.5170406921975873, "modularity": 0.8333333333333334, "echo_chamber_effect": 0.9979592075489643, "social_cost": 0.37834889268220784, "poa": 0.010034269656159561}
{"step": 27, "polarization": 0.5170408096131175, "modularity": 0.8333333333333334, "echo_chamber_effect": 0.9979592075455161, "social_cost": 0.37834889034221464, "poa": 0.010034269594100115}
{"step": 28, "polarization": 0.517040879229812, "modularity": 0.8333333333333334, "echo_chamber_effect": 0.9979592075394692, "social_cost": 0.3783488891308408, "poa": 0.010034269561973017}
{"step": 29, "polarization": 0.5170409206063583, "modularity": 0.8333333333333334, "echo_chamber_effect": 0.9979592075350049, "social_cost": 0.3783488885422659, "poa": 0.0100342695463633}
{"step": 30, "polarization": 0.5170409451827139, "modularity": 0.8333333333333334, "echo_chamber_effect": 0.9979592075327856, "social_cost": 0.3783488882293319, "poa": 0.010034269538063911}
