{"step": 1, "polarization": 0.47191388888888897, "modularity": 0.7692194674012856, "echo_chamber_effect": 0.9953461390383028, "social_cost": 47.925610736772946, "poa": 0.848064266355069}
{"step": 2, "polarization": 0.4816222222222221, "modularity": 0.7725340136054422, "echo_chamber_effect": 0.9975391145670983, "social_cost": 55.018001652853314, "poa": 0.9735671698440785}
{"step": 3, "polarization": 0.4840505600000001, "modularity": 0.786116389974542, "echo_chamber_effect": 0.9981144269186314, "social_cost": 52.43868900056993, "poa": 0.9279251246300222}
{"step": 4, "polarization": 0.4843071906222221, "modularity": 0.7866163448976629, "echo_chamber_effect": 0.9994087670905591, "social_cost": 50.85629726443373, "poa": 0.8999240232113398}
{"step": 5, "polarization": 0.4720778747448889, "modularity": 0.7858905501524169, "echo_chamber_effect": 0.9997899635663575, "social_cost": 50.589240725901, "poa": 0.8951983430594476}
{"step": 6, "polarization": 0.49322291440099547, "modularity": 0.7920598054870083, "echo_chamber_effect": 0.9999244060797081, "social_cost": 56.096829092306464, "poa": 0.9926574847487469}
{"step": 7, "polarization": 0.4933576429565838, "modularity": 0.7920598054870083, "echo_chamber_effect": 0.9999727752223015, "social_cost": 55.81417684300067, "poa": 0.987655831796264}
{"step": 8, "polarization": 0.5324081222948368, "modularity": 0.7866671335037287, "echo_chamber_effect": 0.9999840804879957, "social_cost": 58.86045655851463, "poa": 1.041561059759638}
{"step": 9, "polarization": 0.5540637764939821, "modularity": 0.7823261858349577, "echo_chamber_effect": 0.9999941191437242, "social_cost": 55.4363466161071, "poa": 0.9809699636507924}
{"step": 10, "polarization": 0.5540739119309387, "modularity": 0.7823261858349577, "echo_chamber_effect": 0.99999750649093, "social_cost": 55.38511156761617, "poa": 0.980063337461952}
{"step": 11, "polarization": 0.5400009024756552, "modularity": 0.787455969358093, "echo_chamber_effect": 0.9999985434083651, "social_cost": 58.71363576347137, "poa": 1.0389630027308419}
{"step": 12, "polarization": 0.5741181277945111, "modularity": 0.7696727961060033, "echo_chamber_effect": 0.9999991174504723, "social_cost": 61.92290163602513, "poa": 1.0957523407466712}
{"step": 13, "polarization": 0.5741144298099623, "modularity": 0.7696727961060033, "echo_chamber_effect": 0.9999994354791074, "social_cost": 61.91374274176234, "poa": 1.0955902701788853}
{"step": 14, "polarization": 0.5741114855478843, "modularity": 0.7696727961060033, "echo_chamber_effect": 0.9999996381493659, "social_cost": 61.90718433069394, "poa": 1.0954742162781488}
{"step": 15, "polarization": 0.5741091463298359, "modularity": 0.7696727961060033, "echo_chamber_effect": 0.9999997684157848, "social_cost": 61.90179665667376, "poa": 1.09537887907232}
{"step": 16, "polarization": 0.592512063487227, "modularity": 0.7561519740400217, "echo_chamber_effect": 0.9999998859773109, "social_cost": 64.20054026069072, "poa": 1.1360561344710336}
{"step": 17, "polarization": 0.6101134518762195, "modularity": 0.7254460723291519, "echo_chamber_effect": 0.992153785130061, "social_cost": 68.3082864486212, "poa": 1.2087444675707126}
{"step": 18, "polarization": 0.592929086329575, "modularity": 0.7286380031280921, "echo_chamber_effect": 0.9945407291415871, "social_cost": 74.07379247645751, "poa": 1.3107675730563781}
{"step": 19, "polarization": 0.5965480627986092, "modularity": 0.7295524691358024, "echo_chamber_effect": 0.9963089482229128, "social_cost": 75.23294506796843, "poa": 1.3312792760268946}
{"step": 20, "polarization": 0.600269518214876, "modularity": 0.7295524691358024, "echo_chamber_effect": 0.9975518705751509, "social_cost": 76.33155301818717, "poa": 1.3507196155654206}
{"step": 21, "polarization": 0.6037754980376521, "modularity": 0.7202932098765431, "echo_chamber_effect": 0.9983966090517865, "social_cost": 77.32006231712117, "poa": 1.368211712181362}
{"step": 22, "polarization": 0.6069187238306993, "modularity": 0.7202932098765431, "echo_chamber_effect": 0.9989584565313473, "social_cost": 78.18102843305593, "poa": 1.3834468773934883}
{"step": 23, "polarization": 0.6096499073209293, "modularity": 0.7202932098765432, "echo_chamber_effect": 0.9993270114438458, "social_cost": 78.91470287682408, "poa": 1.3964295617940083}
{"step": 24, "polarization": 0.6119734799408199, "modularity": 0.7202932098765432, "echo_chamber_effect": 0.9995666379379375, "social_cost": 79.53037942482044, "poa": 1.4073242227479672}
{"step": 25, "polarization": 0.6139210585664651, "modularity": 0.7202932098765432, "echo_chamber_effect": 0.9997215557731807, "social_cost": 80.04131233865999, "poa": 1.4163654001074355}
{"step": 26, "polarization": 0.6155359026060097, "modularity": 0.7202932098765431, "echo_chamber_effect": 0.9998213462732813, "social_cost": 80.46182934202805, "poa": 1.423806629096877}
{"step": 27, "polarization": 0.616864117766624, "modularity": 0.7202932098765431, "echo_chamber_effect": 0.9998854770236768, "social_cost": 80.80577617498953, "poa": 1.4298929160335778}
{"step": 28, "polarization": 0.6179499474496615, "modularity": 0.7202932098765431, "echo_chamber_effect": 0.9999266295530337, "social_cost": 81.08575490873018, "poa": 1.4348472599798427}
{"step": 29, "polarization": 0.6188334960310011, "modularity": 0.7202932098765431, "echo_chamber_effect": 0.9999530118549008, "social_cost": 81.31282350684027, "poa": 1.4388653363508708}
{"step": 30, "polarization": 0.619549861190415, "modularity": 0.7202932098765432, "echo_chamber_effect": 0.9999699148561508, "social_cost": 81.49645317644367, "poa": 1.4421147422246645}
