{"step": 1, "polarization": 0.19333196331669922, "modularity": 0.8882395909422935, "echo_chamber_effect": 0.9974541456976271, "social_cost": 21.5846508673859, "poa": 1.5813021224829313}
{"step": 2, "polarization": 0.19100758730158734, "modularity": 0.8882395909422935, "echo_chamber_effect": 0.9992599584177306, "social_cost": 21.37998495823183, "poa": 1.5663081974695672}
{"step": 3, "polarization": 0.18658253968253968, "modularity": 0.8882395909422935, "echo_chamber_effect": 0.9997128060730865, "social_cost": 21.275065069917137, "poa": 1.558621714926855}
{"step": 4, "polarization": 0.18513888888888888, "modularity": 0.8882395909422935, "echo_chamber_effect": 0.9999886637382082, "social_cost": 21.15166887436643, "poa": 1.5495816490425611}
{"step": 5, "polarization": 0.18513888888888888, "modularity": 0.8882395909422935, "echo_chamber_effect": 0.9999886637382082, "social_cost": 21.173128106251152, "poa": 1.5511537629087826}
{"step": 6, "polarization": 0.18513888888888888, "modularity": 0.8882395909422935, "echo_chamber_effect": 0.9999886637382082, "social_cost": 21.15166887436643, "poa": 1.5495816490425611}
{"step": 7, "polarization": 0.18513888888888888, "modularity": 0.8882395909422935, "echo_chamber_effect": 0.9999886637382082, "social_cost": 21.173128106251152, "poa": 1.5511537629087826}
{"step": 8, "polarization": 0.18513888888888888, "modularity": 0.8882395909422935, "echo_chamber_effect": 0.9999886637382082, "social_cost": 21.15166887436643, "poa": 1.5495816490425611}
{"step": 9, "polarization": 0.18513888888888888, "modularity": 0.8882395909422935, "echo_chamber_effect": 0.9999886637382082, "social_cost": 21.173128106251152, "poa": 1.5511537629087826}
{"step": 10, "polarization": 0.18513888888888888, "modularity": 0.8882395909422935, "echo_chamber_effect": 0.9999886637382082, "social_cost": 21.15166887436643, "poa": 1.5495816490425611}
{"step": 11, "polarization": 0.18513888888888888, "modularity": 0.8882395909422934, "echo_chamber_effect": 0.9999886637382082, "social_cost": 21.173128106251152, "poa": 1.5511537629087826}
{"step": 12, "polarization": 0.18513888888888888, "modularity": 0.8882395909422935, "echo_chamber_effect": 0.9999886637382082, "social_cost": 21.15166887436643, "poa": 1.5495816490425611}
{"step": 13, "polarization": 0.18513888888888888, "modularity": 0.8882395909422935, "echo_chamber_effect": 0.9999886637382082, "social_cost": 21.173128106251152, "poa": 1.5511537629087826}
{"step": 14, "polarization": 0.18513888888888888, "modularity": 0.8882395909422937, "echo_chamber_effect": 0.9999886637382082, "social_cost": 21.15166887436643, "poa": 1.5495816490425611}
{"step": 15, "polarization": 0.18513888888888888, "modularity": 0.8882395909422935, "echo_chamber_effect": 0.9999886637382082, "social_cost": 21.173128106251152, "poa": 1.5511537629087826}
{"step": 16, "polarization": 0.18513888888888888, "modularity": 0.8882395909422937, "echo_chamber_effect": 0.9999886637382082, "social_cost": 21.15166887436643, "poa": 1.5495816490425611}
{"step": 17, "polarization": 0.18513888888888888, "modularity": 0.8882395909422937, "echo_chamber_effect": 0.9999886637382082, "social_cost": 21.173128106251152, "poa": 1.5511537629087826}
{"step": 18, "polarization": 0.18513888888888888, "modularity": 0.8882395909422935, "echo_chamber_effect": 0.9999886637382082, "social_cost": 21.15166887436643, "poa": 1.5495816490425611}
{"step": 19, "polarization": 0.18513888888888888, "modularity": 0.8882395909422935, "echo_chamber_effect": 0.9999886637382082, "social_cost": 21.173128106251152, "poa": 1.5511537629087826}
{"step": 20, "polarization": 0.18513888888888888, "modularity": 0.8882395909422937, "echo_chamber_effect": 0.9999886637382082, "social_cost": 21.15166887436643, "poa": 1.5495816490425611}
{"step": 21, "polarization": 0.18513888888888888, "modularity": 0.8882395909422937, "echo_chamber_effect": 0.9999886637382082, "social_cost": 21.173128106251152, "poa": 1.5511537629087826}
{"step": 22, "polarization": 0.18513888888888888, "modularity": 0.8882395909422935, "echo_chamber_effect": 0.9999886637382082, "social_cost": 21.15166887436643, "poa": 1.5495816490425611}
{"step": 23, "polarization": 0.18513888888888888, "modularity": 0.8882395909422935, "echo_chamber_effect": 0.9999886637382082, "social_cost": 21.173128106251152, "poa": 1.5511537629087826}
{"step": 24, "polarization": 0.18513888888888888, "modularity": 0.8882395909422934, "echo_chamber_effect": 0.9999886637382082, "social_cost": 21.15166887436643, "poa": 1.5495816490425611}
{"step": 25, "polarization": 0.18513888888888888, "modularity": 0.8882395909422935, "echo_chamber_effect": 0.9999886637382082, "social_cost": 21.173128106251152, "poa": 1.5511537629087826}
{"step": 26, "polarization": 0.18513888888888888, "modularity": 0.8882395909422937, "echo_chamber_effect": 0.9999886637382082, "social_cost": 21.15166887436643, "poa": 1.5495816490425611}
{"step": 27, "polarization": 0.18513888888888888, "modularity": 0.8882395909422935, "echo_chamber_effect": 0.9999886637382082, "social_cost": 21.173128106251152, "poa": 1.5511537629087826}
{"step": 28, "polarization": 0.18513888888888888, "modularity": 0.8882395909422937, "echo_chamber_effect": 0.9999886637382082, "social_cost": 21.15166887436643, "poa": 1.5495816490425611}
{"step": 29, "polarization": 0.18513888888888888, "modularity": 0.8882395909422935, "echo_chamber_effect": 0.9999886637382082, "social_cost": 21.173128106251152, "poa": 1.5511537629087826}
{"step": 30, "polarization": 0.18513888888888888, "modularity": 0.8882395909422937, "echo_chamber_effect": 0.9999886637382082, "social_cost": 21.15166887436643, "poa": 1.5495816490425611}
