{"step": 1, "polarization": 0.30482620124716553, "modularity": 0.7345840277464979, "echo_chamber_effect": 0.987790454244667, "social_cost": 76.9416998475362, "poa": 1.3615164257728642}
{"step": 2, "polarization": 0.3123554102267574, "modularity": 0.7921489197530863, "echo_chamber_effect": 0.9954873775074617, "social_cost": 81.17159966718059, "poa": 1.4363663198515162}
{"step": 3, "polarization": 0.3043772189015873, "modularity": 0.7587605806762862, "echo_chamber_effect": 0.9887566948910032, "social_cost": 83.15786690673055, "poa": 1.471514171770314}
{"step": 4, "polarization": 0.32217554744540594, "modularity": 0.7609534669532038, "echo_chamber_effect": 0.9886136951802439, "social_cost": 85.2420640537663, "poa": 1.5083949354636181}
{"step": 5, "polarization": 0.3230367721627516, "modularity": 0.7609534669532038, "echo_chamber_effect": 0.988452697123063, "social_cost": 84.93212759438914, "poa": 1.5029104766951733}
{"step": 6, "polarization": 0.3242572462753599, "modularity": 0.7746723120580153, "echo_chamber_effect": 0.9884704001816847, "social_cost": 84.73844214560768, "poa": 1.4994831294897994}
{"step": 7, "polarization": 0.3393111519987934, "modularity": 0.8058735222368174, "echo_chamber_effect": 0.9946744595731978, "social_cost": 83.0525299616182, "poa": 1.4696501892836342}
{"step": 8, "polarization": 0.34686642162638665, "modularity": 0.8049423851173122, "echo_chamber_effect": 0.9965662587206306, "social_cost": 83.19671052247976, "poa": 1.472201526234587}
{"step": 9, "polarization": 0.36465192432489135, "modularity": 0.8088824827710464, "echo_chamber_effect": 0.997361446979435, "social_cost": 83.8425308558359, "poa": 1.4836295944174434}
{"step": 10, "polarization": 0.3635957797318972, "modularity": 0.8074207271610895, "echo_chamber_effect": 0.9977627259887619, "social_cost": 83.36392923398552, "poa": 1.4751605331562279}
{"step": 11, "polarization": 0.362147254814539, "modularity": 0.8074207271610894, "echo_chamber_effect": 0.9977459484679668, "social_cost": 82.8736959174002, "poa": 1.4664856440607876}
{"step": 12, "polarization": 0.3619412558917542, "modularity": 0.8074207271610894, "echo_chamber_effect": 0.9976778682895674, "social_cost": 82.78254224300103, "poa": 1.4648726406411863}
{"step": 13, "polarization": 0.361931844071928, "modularity": 0.8074207271610894, "echo_chamber_effect": 0.9976617191402688, "social_cost": 82.76175757428047, "poa": 1.4645048470010227}
{"step": 14, "polarization": 0.37781401849794627, "modularity": 0.8142240570463503, "echo_chamber_effect": 0.999999969165033, "social_cost": 83.03771389212473, "poa": 1.469388012570347}
{"step": 15, "polarization": 0.37782872170133586, "modularity": 0.8142240570463501, "echo_chamber_effect": 0.9999999862752675, "social_cost": 83.0353367990573, "poa": 1.4693459488875416}
{"step": 16, "polarization": 0.37783838822160737, "modularity": 0.8142240570463503, "echo_chamber_effect": 0.999999991281427, "social_cost": 83.03420714092726, "poa": 1.469325959101735}
{"step": 17, "polarization": 0.3778443564906048, "modularity": 0.8142240570463503, "echo_chamber_effect": 0.9999999925496234, "social_cost": 83.03358869216031, "poa": 1.4693150153851757}
{"step": 18, "polarization": 0.3778479708889376, "modularity": 0.8142240570463501, "echo_chamber_effect": 0.9999999926920855, "social_cost": 83.03322950087626, "poa": 1.4693086593411295}
{"step": 19, "polarization": 0.3778501461128277, "modularity": 0.8139273005720462, "echo_chamber_effect": 0.9999999925551716, "social_cost": 83.03301636302467, "poa": 1.4693048877753014}
{"step": 20, "polarization": 0.37785145258358355, "modularity": 0.8139273005720462, "echo_chamber_effect": 0.9999999923929727, "social_cost": 83.03288896427556, "poa": 1.4693026333997172}
{"step": 21, "polarization": 0.37785223665116796, "modularity": 0.8133333333333332, "echo_chamber_effect": 0.9999999922668354, "social_cost": 83.03281261147694, "poa": 1.4693012823041518}
{"step": 22, "polarization": 0.3778527071061682, "modularity": 0.8133333333333332, "echo_chamber_effect": 0.9999999921807787, "social_cost": 83.03276681445116, "poa": 1.4693004719061105}
{"step": 23, "polarization": 0.3778529893946678, "modularity": 0.8133333333333332, "echo_chamber_effect": 0.9999999921254099, "social_cost": 83.03273934336045, "poa": 1.4692999857933613}
{"step": 24, "polarization": 0.3778531587670744, "modularity": 0.8133333333333332, "echo_chamber_effect": 0.999999992090844, "social_cost": 83.03272286083002, "poa": 1.469299694127906}
{"step": 25, "polarization": 0.3778532603905444, "modularity": 0.8133333333333332, "echo_chamber_effect": 0.9999999920696204, "social_cost": 83.03271297138454, "poa": 1.4692995191299207}
{"step": 26, "polarization": 0.37785332136469113, "modularity": 0.8133333333333332, "echo_chamber_effect": 0.9999999920567121, "social_cost": 83.03270703774903, "poa": 1.4692994141316917}
{"step": 27, "polarization": 0.3778533579492136, "modularity": 0.8133333333333332, "echo_chamber_effect": 0.9999999920489043, "social_cost": 83.0327034775803, "poa": 1.4692993511329768}
{"step": 28, "polarization": 0.3778533798999415, "modularity": 0.8133333333333332, "echo_chamber_effect": 0.9999999920441971, "social_cost": 83.03270134148383, "poa": 1.4692993133338323}
{"step": 29, "polarization": 0.3778533930703839, "modularity": 0.8133333333333332, "echo_chamber_effect": 0.9999999920413647, "social_cost": 83.03270005982766, "poa": 1.469299290654376}
{"step": 30, "polarization": 0.3778534009726514, "modularity": 0.8133333333333332, "echo_chamber_effect": 0.9999999920396623, "social_cost": 83.03269929083464, "poa": 1.4692992770467144}
