{"step": 1, "polarization": 0.1576380454931973, "modularity": 0.6903322650006085, "echo_chamber_effect": 0.980348283218904, "social_cost": 101.39217378425955, "poa": 1.7664361099091697}
{"step": 2, "polarization": 0.11879998372448979, "modularity": 0.7000471766584409, "echo_chamber_effect": 0.9922532308805269, "social_cost": 95.29993932911374, "poa": 1.6602983033117829}
{"step": 3, "polarization": 0.10160714442743762, "modularity": 0.7345369141955609, "echo_chamber_effect": 0.9966119718159026, "social_cost": 92.93565644395461, "poa": 1.6191081945833548}
{"step": 4, "polarization": 0.09490948928236735, "modularity": 0.7319620610485904, "echo_chamber_effect": 0.9978722015339062, "social_cost": 92.4519775759142, "poa": 1.6106816288414612}
{"step": 5, "polarization": 0.08948278349232654, "modularity": 0.7421619180247658, "echo_chamber_effect": 0.9984781884447623, "social_cost": 91.6588515120416, "poa": 1.59686393003252}
{"step": 6, "polarization": 0.08561059516016215, "modularity": 0.74505859375, "echo_chamber_effect": 0.9995272240751014, "social_cost": 91.13961330993386, "poa": 1.5878178560051597}
{"step": 7, "polarization": 0.08338129054995731, "modularity": 0.74505859375, "echo_chamber_effect": 0.9996979956373326, "social_cost": 90.8281033454251, "poa": 1.5823907857553825}
{"step": 8, "polarization": 0.08176128722692731, "modularity": 0.74505859375, "echo_chamber_effect": 0.9998064384292207, "social_cost": 90.60422254621962, "poa": 1.5784903749714754}
{"step": 9, "polarization": 0.0805449583457978, "modularity": 0.74505859375, "echo_chamber_effect": 0.9998759048715196, "social_cost": 90.43839545735477, "poa": 1.5756013654272552}
{"step": 10, "polarization": 0.07961314931702393, "modularity": 0.74505859375, "echo_chamber_effect": 0.9999204872722947, "social_cost": 90.31292816498846, "poa": 1.5734154969565783}
{"step": 11, "polarization": 0.07889044307706575, "modularity": 0.74505859375, "echo_chamber_effect": 0.9999490737511529, "social_cost": 90.2167107593777, "poa": 1.5717392147216767}
{"step": 12, "polarization": 0.0783253760694661, "modularity": 0.7441263840129624, "echo_chamber_effect": 0.9999673920976793, "social_cost": 90.14221130404128, "poa": 1.5704412986876952}
{"step": 13, "polarization": 0.0778811297826204, "modularity": 0.7441263840129624, "echo_chamber_effect": 0.9999791249113766, "social_cost": 90.08412448322744, "poa": 1.5694293206033343}
{"step": 14, "polarization": 0.07753049769118367, "modularity": 0.7443034598384393, "echo_chamber_effect": 0.9999866375316172, "social_cost": 90.0385948688078, "poa": 1.568636111897185}
{"step": 15, "polarization": 0.07725294774377213, "modularity": 0.7443034598384393, "echo_chamber_effect": 0.9999914470481748, "social_cost": 90.00276166065233, "poa": 1.5680118322268979}
{"step": 16, "polarization": 0.07703276080096463, "modularity": 0.7443034598384393, "echo_chamber_effect": 0.9999945257169154, "social_cost": 89.97446871467099, "poa": 1.5675189176401814}
{"step": 17, "polarization": 0.07685778105476623, "modularity": 0.7424935223289132, "echo_chamber_effect": 0.9999964962983815, "social_cost": 89.95207185597931, "poa": 1.5671287236196283}
{"step": 18, "polarization": 0.07671853903058669, "modularity": 0.7443034598384393, "echo_chamber_effect": 0.9999977575653801, "social_cost": 89.93430576626383, "poa": 1.566819206018476}
{"step": 19, "polarization": 0.07660761710445364, "modularity": 0.7432874196510559, "echo_chamber_effect": 0.9999985648149622, "social_cost": 89.92018957918349, "poa": 1.5665732763607687}
{"step": 20, "polarization": 0.0765191800351051, "modularity": 0.7449642625081221, "echo_chamber_effect": 0.9999990814705381, "social_cost": 89.90895844342525, "poa": 1.566377609545292}
{"step": 21, "polarization": 0.076448621953977, "modularity": 0.7412879176498751, "echo_chamber_effect": 0.9999994121364105, "social_cost": 89.90001306378448, "poa": 1.5662217647594023}
{"step": 22, "polarization": 0.07639229787601405, "modularity": 0.7434931959307702, "echo_chamber_effect": 0.9999996237654359, "social_cost": 89.8928820757831, "poa": 1.5660975299764321}
{"step": 23, "polarization": 0.07634731675836944, "modularity": 0.7434931959307702, "echo_chamber_effect": 0.9999997592091209, "social_cost": 89.88719350627325, "poa": 1.565998424747489}
{"step": 24, "polarization": 0.07631138178015638, "modularity": 0.7434931959307702, "echo_chamber_effect": 0.999999845893526, "social_cost": 89.8826530124443, "poa": 1.5659193210853724}
{"step": 25, "polarization": 0.07628266567733995, "modularity": 0.7434931959307702, "echo_chamber_effect": 0.9999999013717282, "social_cost": 89.8790272607741, "poa": 1.5658561538956697}
{"step": 26, "polarization": 0.07625971316497042, "modularity": 0.7434931959307702, "echo_chamber_effect": 0.999999936877853, "social_cost": 89.87613091064745, "poa": 1.5658056942077105}
{"step": 27, "polarization": 0.07624136417779416, "modularity": 0.7434931959307702, "echo_chamber_effect": 0.9999999596018042, "social_cost": 89.8738165534666, "poa": 1.565765373895571}
{"step": 28, "polarization": 0.07622669331289594, "modularity": 0.7434931959307702, "echo_chamber_effect": 0.9999999741451456, "social_cost": 89.87196681118171, "poa": 1.5657331480201004}
{"step": 29, "polarization": 0.07621496194326757, "modularity": 0.7434931959307702, "echo_chamber_effect": 0.9999999834528895, "social_cost": 89.87048813374177, "poa": 1.5657073867692335}
{"step": 30, "polarization": 0.0762055802504003, "modularity": 0.7434931959307702, "echo_chamber_effect": 0.9999999894098478, "social_cost": 89.86930590660243, "poa": 1.5656867902218758}
