{"step": 1, "polarization": 0.20277871276765488, "modularity": 0.7144640998959417, "echo_chamber_effect": 0.9772892182354415, "social_cost": 24.31460430870995, "poa": 0.4236046377745781}
{"step": 2, "polarization": 0.3063480033989063, "modularity": 0.7410215318869164, "echo_chamber_effect": 0.9883885833156479, "social_cost": 7.866624798560288, "poa": 0.1370509141746114}
{"step": 3, "polarization": 0.39571581561333297, "modularity": 0.7938231052715912, "echo_chamber_effect": 0.9955151290752775, "social_cost": 2.6742918743273663, "poa": 0.04659102925734786}
{"step": 4, "polarization": 0.454154875155108, "modularity": 0.8101951397622622, "echo_chamber_effect": 0.9972828517716597, "social_cost": 1.0405456470478407, "poa": 0.01812819802902237}
{"step": 5, "polarization": 0.483549517199911, "modularity": 0.813170879501385, "echo_chamber_effect": 0.9978592611804923, "social_cost": 0.7480653400281112, "poa": 0.013032659029569765}
{"step": 6, "polarization": 0.4989230131421861, "modularity": 0.8181267313019389, "echo_chamber_effect": 0.9979550683413638, "social_cost": 0.6694578013556928, "poa": 0.011663172710857483}
{"step": 7, "polarization": 0.5070133543273978, "modularity": 0.8181267313019389, "echo_chamber_effect": 0.9979653546111293, "social_cost": 0.6449324154701045, "poa": 0.011235895874580744}
{"step": 8, "polarization": 0.5114006721533355, "modularity": 0.8181267313019389, "echo_chamber_effect": 0.9979638520366162, "social_cost": 0.6364256311913807, "poa": 0.011087692217747044}
{"step": 9, "polarization": 0.5138184281530482, "modularity": 0.8181267313019389, "echo_chamber_effect": 0.9979621357804715, "social_cost": 0.6331270249511574, "poa": 0.011030224496545008}
{"step": 10, "polarization": 0.5151734826943788, "modularity": 0.8181267313019391, "echo_chamber_effect": 0.9979609286666116, "social_cost": 0.6317594949895394, "poa": 0.011006399636938736}
{"step": 11, "polarization": 0.5159452421565248, "modularity": 0.818126731301939, "echo_chamber_effect": 0.99796019710466, "social_cost": 0.631155599074962, "poa": 0.01099587867155924}
{"step": 12, "polarization": 0.5163912534648584, "modularity": 0.8181267313019389, "echo_chamber_effect": 0.997959772699029, "social_cost": 0.6308737946910973, "poa": 0.010990969126561728}
{"step": 13, "polarization": 0.5166523298934136, "modularity": 0.8181267313019391, "echo_chamber_effect": 0.9979595301882158, "social_cost": 0.6307357141537989, "poa": 0.01098856351241957}
{"step": 14, "polarization": 0.5168068295389087, "modularity": 0.818126731301939, "echo_chamber_effect": 0.9979593921084783, "social_cost": 0.6306651654969576, "poa": 0.010987334426482274}
{"step": 15, "polarization": 0.5168990947626111, "modularity": 0.8181267313019389, "echo_chamber_effect": 0.9979593134142434, "social_cost": 0.6306278568199017, "poa": 0.010986684441459716}
{"step": 16, "polarization": 0.5169546065887731, "modularity": 0.8181267313019389, "echo_chamber_effect": 0.9979592684453362, "social_cost": 0.6306075830662992, "poa": 0.010986331235791957}
{"step": 17, "polarization": 0.516988207365589, "modularity": 0.8181267313019389, "echo_chamber_effect": 0.9979592426676447, "social_cost": 0.6305963365984274, "poa": 0.010986135301863171}
{"step": 18, "polarization": 0.5170086438565396, "modularity": 0.8181267313019389, "echo_chamber_effect": 0.9979592278455424, "social_cost": 0.6305900024472553, "poa": 0.010986024949427292}
{"step": 19, "polarization": 0.5170211213039162, "modularity": 0.8181267313019389, "echo_chamber_effect": 0.9979592192991267, "social_cost": 0.6305863958416132, "poa": 0.01098596211579623}
{"step": 20, "polarization": 0.5170287624569105, "modularity": 0.8181267313019389, "echo_chamber_effect": 0.9979592143593444, "social_cost": 0.6305843263617282, "poa": 0.01098592606169204}
{"step": 21, "polarization": 0.5170334530455346, "modularity": 0.8181267313019391, "echo_chamber_effect": 0.9979592114983316, "social_cost": 0.630583132451239, "poa": 0.010985905261599474}
{"step": 22, "polarization": 0.5170363378266596, "modularity": 0.8154838709677419, "echo_chamber_effect": 0.9979592098384762, "social_cost": 0.630582441069752, "poa": 0.01098589321647628}
{"step": 23, "polarization": 0.5170381144872269, "modularity": 0.815499671268902, "echo_chamber_effect": 0.9979592088658452, "social_cost": 0.6305820407500832, "poa": 0.010985886242179426}
{"step": 24, "polarization": 0.5170392100939025, "modularity": 0.815499671268902, "echo_chamber_effect": 0.9979592083133031, "social_cost": 0.6305818066191733, "poa": 0.010985882163193067}
{"step": 25, "polarization": 0.5170398864055182, "modularity": 0.8154489025923973, "echo_chamber_effect": 0.9979592079867095, "social_cost": 0.6305816704748081, "poa": 0.010985879791310564}
{"step": 26, "polarization": 0.5170403042448859, "modularity": 0.8154489025923974, "echo_chamber_effect": 0.9979592077966776, "social_cost": 0.6305815910735413, "poa": 0.010985878407996058}
{"step": 27, "polarization": 0.5170405624140584, "modularity": 0.8154489025923972, "echo_chamber_effect": 0.9979592076857562, "social_cost": 0.6305815447604398, "poa": 0.010985877601137582}
{"step": 28, "polarization": 0.5170407220820157, "modularity": 0.8154489025923972, "echo_chamber_effect": 0.9979592076210342, "social_cost": 0.6305815177349121, "poa": 0.010985877130303728}
{"step": 29, "polarization": 0.5170408207759095, "modularity": 0.8154489025923972, "echo_chamber_effect": 0.9979592075829739, "social_cost": 0.6305815019978166, "poa": 0.010985876856134898}
{"step": 30, "polarization": 0.5170408818231934, "modularity": 0.814453125, "echo_chamber_effect": 0.9979592075610244, "social_cost": 0.6305814927939053, "poa": 0.01098587669578602}
