{"step": 1, "polarization": 0.3968396309523809, "modularity": 0.7559036430520945, "echo_chamber_effect": 0.9924555421455294, "social_cost": 60.57593683307796, "poa": 1.071917220028199}
{"step": 2, "polarization": 0.39986681596371887, "modularity": 0.7652482543111763, "echo_chamber_effect": 0.9955876311408338, "social_cost": 67.0893234674933, "poa": 1.1871743940669643}
{"step": 3, "polarization": 0.39323397246621317, "modularity": 0.7609182736455464, "echo_chamber_effect": 0.9968783720961668, "social_cost": 67.36378231413924, "poa": 1.1920310612402603}
{"step": 4, "polarization": 0.39743680025846706, "modularity": 0.7752629172382258, "echo_chamber_effect": 0.9975762180897321, "social_cost": 66.74683815625643, "poa": 1.1811139693849138}
{"step": 5, "polarization": 0.424770162050502, "modularity": 0.7844078646547782, "echo_chamber_effect": 0.9990589006701351, "social_cost": 67.68518037700406, "poa": 1.1977183380052543}
{"step": 6, "polarization": 0.45084907678916003, "modularity": 0.7897424173144337, "echo_chamber_effect": 0.9995636956232852, "social_cost": 69.27053509588058, "poa": 1.2257718706761471}
{"step": 7, "polarization": 0.4521556045857401, "modularity": 0.7897424173144337, "echo_chamber_effect": 0.9997786918079405, "social_cost": 68.91783422915351, "poa": 1.219530677352049}
{"step": 8, "polarization": 0.45318532896307323, "modularity": 0.7897424173144337, "echo_chamber_effect": 0.9998792556072672, "social_cost": 68.74310344522469, "poa": 1.2164387410823971}
{"step": 9, "polarization": 0.45398454144475314, "modularity": 0.7897424173144337, "echo_chamber_effect": 0.9999302510146809, "social_cost": 68.66634191656333, "poa": 1.2150804128631483}
{"step": 10, "polarization": 0.45460390169247267, "modularity": 0.7897424173144337, "echo_chamber_effect": 0.9999580724913265, "social_cost": 68.6407700914283, "poa": 1.2146279084341152}
{"step": 11, "polarization": 0.45508560747691446, "modularity": 0.7897424173144337, "echo_chamber_effect": 0.9999741425065692, "social_cost": 68.64142736329201, "poa": 1.2146395391420464}
{"step": 12, "polarization": 0.47218977071074275, "modularity": 0.7885882042982423, "echo_chamber_effect": 0.9999849271013217, "social_cost": 70.55188870768895, "poa": 1.2484459731869764}
{"step": 13, "polarization": 0.4724792111059651, "modularity": 0.7885882042982423, "echo_chamber_effect": 0.9999904797973501, "social_cost": 70.56978834222977, "poa": 1.2487627149081881}
{"step": 14, "polarization": 0.4727077625362226, "modularity": 0.7885882042982423, "echo_chamber_effect": 0.9999939525714889, "social_cost": 70.58855201694128, "poa": 1.249094746191331}
{"step": 15, "polarization": 0.4728888058957517, "modularity": 0.7885882042982423, "echo_chamber_effect": 0.9999961460165149, "social_cost": 70.6062281575853, "poa": 1.2494075330920469}
{"step": 16, "polarization": 0.4730325721791231, "modularity": 0.7885882042982423, "echo_chamber_effect": 0.9999975393401443, "social_cost": 70.62196985120195, "poa": 1.2496860891217552}
{"step": 17, "polarization": 0.47314695361858156, "modularity": 0.7885882042982423, "echo_chamber_effect": 0.9999984272963235, "social_cost": 70.63552568922266, "poa": 1.249925965497854}
{"step": 18, "polarization": 0.47323808682209095, "modularity": 0.7885882042982423, "echo_chamber_effect": 0.9999989942316939, "social_cost": 70.64694946495767, "poa": 1.2501281141160725}
{"step": 19, "polarization": 0.4733107750007508, "modularity": 0.7885882042982423, "echo_chamber_effect": 0.9999993565823501, "social_cost": 70.65643710333163, "poa": 1.2502960019521034}
{"step": 20, "polarization": 0.4733687976643646, "modularity": 0.7885882042982423, "echo_chamber_effect": 0.9999995883112569, "social_cost": 70.66423716644245, "poa": 1.2504340274190282}
{"step": 21, "polarization": 0.47341514110698135, "modularity": 0.7885882042982423, "echo_chamber_effect": 0.999999736554638, "social_cost": 70.67060370423086, "poa": 1.2505466860396643}
{"step": 22, "polarization": 0.47345217235684933, "modularity": 0.7885882042982423, "echo_chamber_effect": 0.9999998314077058, "social_cost": 70.67577316255509, "poa": 1.2506381618250282}
{"step": 23, "polarization": 0.4734817720909079, "modularity": 0.7885882042982423, "echo_chamber_effect": 0.9999998921055097, "social_cost": 70.67995468293692, "poa": 1.2507121556241756}
{"step": 24, "polarization": 0.4735054372527722, "modularity": 0.7885882042982423, "echo_chamber_effect": 0.9999999309491711, "social_cost": 70.6833276109928, "poa": 1.2507718410348194}
{"step": 25, "polarization": 0.4735243609478751, "modularity": 0.7885882042982423, "echo_chamber_effect": 0.9999999558080603, "social_cost": 70.68604267003884, "poa": 1.250819885170775}
{"step": 26, "polarization": 0.4735394950608628, "modularity": 0.7885882042982423, "echo_chamber_effect": 0.9999999717173709, "social_cost": 70.68822480464286, "poa": 1.2508584989798341}
{"step": 27, "polarization": 0.47355159958428894, "modularity": 0.7885882042982423, "echo_chamber_effect": 0.9999999818991935, "social_cost": 70.68997660152019, "poa": 1.250889497777987}
{"step": 28, "polarization": 0.47356128163156824, "modularity": 0.7885882042982423, "echo_chamber_effect": 0.9999999884155112, "social_cost": 70.69138171608591, "poa": 1.2509143618837335}
{"step": 29, "polarization": 0.4735690263832036, "modularity": 0.7885882042982423, "echo_chamber_effect": 0.999999992585937, "social_cost": 70.69250802905147, "poa": 1.2509342924754179}
{"step": 30, "polarization": 0.4624765044840033, "modularity": 0.7916476146928821, "echo_chamber_effect": 0.9999999948900038, "social_cost": 76.23455647180535, "poa": 1.349003220016534}
