{"step": 1, "polarization": 0.20812993274185815, "modularity": 0.8093100189035917, "echo_chamber_effect": 0.9883593488133626, "social_cost": 10.918256338203083, "poa": 0.2982553419756926}
{"step": 2, "polarization": 0.3229396535207516, "modularity": 0.7846211074503134, "echo_chamber_effect": 0.9934567045358317, "social_cost": 3.380216002913914, "poa": 0.09233777342021275}
{"step": 3, "polarization": 0.4128581953406819, "modularity": 0.81465, "echo_chamber_effect": 0.9966181466031022, "social_cost": 1.0713724728510006, "poa": 0.029266812701166954}
{"step": 4, "polarization": 0.46590794922067574, "modularity": 0.8300238715277777, "echo_chamber_effect": 0.9985660830831952, "social_cost": 0.3990315922279154, "poa": 0.010900394743674715}
{"step": 5, "polarization": 0.4927006818155968, "modularity": 0.8407305377002346, "echo_chamber_effect": 0.9992194111281483, "social_cost": 0.21967659392594788, "poa": 0.0060009323481612}
{"step": 6, "polarization": 0.5064406858016932, "modularity": 0.8419408579758434, "echo_chamber_effect": 0.9992606253984139, "social_cost": 0.1829718171409539, "poa": 0.004998263477506021}
{"step": 7, "polarization": 0.5137091760404786, "modularity": 0.8419408579758434, "echo_chamber_effect": 0.9992693409036523, "social_cost": 0.1710753722075714, "poa": 0.004673286838197244}
{"step": 8, "polarization": 0.5175907346467702, "modularity": 0.843022637899883, "echo_chamber_effect": 0.9992685681829993, "social_cost": 0.16704519062806603, "poa": 0.00456319387573275}
{"step": 9, "polarization": 0.5197187207317193, "modularity": 0.843022637899883, "echo_chamber_effect": 0.9992675403906844, "social_cost": 0.16551697316418384, "poa": 0.004521447372611316}
{"step": 10, "polarization": 0.5209119095046464, "modularity": 0.843022637899883, "echo_chamber_effect": 0.9992666451104363, "social_cost": 0.16490534535266765, "poa": 0.004504739460978274}
{"step": 11, "polarization": 0.5215912517605545, "modularity": 0.843022637899883, "echo_chamber_effect": 0.999266107198265, "social_cost": 0.16464332505643, "poa": 0.0044975818205420905}
{"step": 12, "polarization": 0.5219838222906324, "modularity": 0.843022637899883, "echo_chamber_effect": 0.9992657986354421, "social_cost": 0.1645242411936978, "poa": 0.004494328792118614}
{"step": 13, "polarization": 0.5222136577718899, "modularity": 0.843022637899883, "echo_chamber_effect": 0.9992656102427334, "social_cost": 0.1644680549951055, "poa": 0.004492793946868936}
{"step": 14, "polarization": 0.5223496248677334, "modularity": 0.843022637899883, "echo_chamber_effect": 0.9992655074370487, "social_cost": 0.1644399692149526, "poa": 0.0044920267241820265}
{"step": 15, "polarization": 0.5224307833857345, "modularity": 0.843022637899883, "echo_chamber_effect": 0.9992654489243745, "social_cost": 0.16442541978268244, "poa": 0.004491629275563596}
{"step": 16, "polarization": 0.5224795778841399, "modularity": 0.843022637899883, "echo_chamber_effect": 0.9992654157225392, "social_cost": 0.1644176303571348, "poa": 0.00449141649087449}
{"step": 17, "polarization": 0.5225090891570329, "modularity": 0.843022637899883, "echo_chamber_effect": 0.9992653966387466, "social_cost": 0.1644133651737888, "poa": 0.004491299978340067}
{"step": 18, "polarization": 0.5225270243171937, "modularity": 0.843022637899883, "echo_chamber_effect": 0.9992653856484852, "social_cost": 0.1644109890707174, "poa": 0.004491235070042242}
{"step": 19, "polarization": 0.5225379674157982, "modularity": 0.843022637899883, "echo_chamber_effect": 0.9992653793019967, "social_cost": 0.16440964942862654, "poa": 0.004491198474875618}
{"step": 20, "polarization": 0.5225446659861244, "modularity": 0.843022637899883, "echo_chamber_effect": 0.9992653756337209, "social_cost": 0.16440888774613968, "poa": 0.004491177667902091}
{"step": 21, "polarization": 0.5225487773190305, "modularity": 0.8425655976676385, "echo_chamber_effect": 0.9992653735119901, "social_cost": 0.16440845217390343, "poa": 0.004491165769322111}
{"step": 22, "polarization": 0.5225513061829219, "modularity": 0.8425655976676385, "echo_chamber_effect": 0.9992653722844005, "social_cost": 0.16440820210838136, "poa": 0.0044911589382517015}
{"step": 23, "polarization": 0.5225528645936008, "modularity": 0.8408979511812568, "echo_chamber_effect": 0.9992653715740122, "social_cost": 0.16440805816196194, "poa": 0.00449115500604978}
{"step": 24, "polarization": 0.5225538264382196, "modularity": 0.83854524066268, "echo_chamber_effect": 0.999265371162885, "social_cost": 0.1644079751528778, "poa": 0.004491152738480489}
{"step": 25, "polarization": 0.5225544207710864, "modularity": 0.8400615148019993, "echo_chamber_effect": 0.9992653709249399, "social_cost": 0.16440792722669878, "poa": 0.004491151429275204}
{"step": 26, "polarization": 0.5225547883839042, "modularity": 0.8241367034531861, "echo_chamber_effect": 0.9992653707872237, "social_cost": 0.16440789953366458, "poa": 0.004491150672781205}
{"step": 27, "polarization": 0.5225550158993638, "modularity": 0.8223213534214293, "echo_chamber_effect": 0.9992653707075165, "social_cost": 0.16440788352322677, "poa": 0.00449115023542212}
{"step": 28, "polarization": 0.5225551568947379, "modularity": 0.8221487603305786, "echo_chamber_effect": 0.9992653706613838, "social_cost": 0.1644078742636054, "poa": 0.004491149982475912}
{"step": 29, "polarization": 0.5225552443393962, "modularity": 0.8224981738495252, "echo_chamber_effect": 0.9992653706347446, "social_cost": 0.16440786890221548, "poa": 0.004491149836018169}
{"step": 30, "polarization": 0.5225552985563798, "modularity": 0.8213296398891966, "echo_chamber_effect": 0.9992653706171719, "social_cost": 0.16440786596541973, "poa": 0.004491149755793361}
