{"step": 1, "polarization": 0.19333196331669922, "modularity": 0.3617298908338227, "echo_chamber_effect": 0.8783394309161707, "social_cost": 516.5474495642321, "poa": 3.7107689813251197}
{"step": 2, "polarization": 0.05088272168376664, "modularity": 0.42693929283582477, "echo_chamber_effect": 0.9746031425215487, "social_cost": 355.64958047677413, "poa": 2.5549122981206356}
{"step": 3, "polarization": 0.03267566638740755, "modularity": 0.4380922546793014, "echo_chamber_effect": 0.9906406126751237, "social_cost": 334.15217436353305, "poa": 2.4004794229776825}
{"step": 4, "polarization": 0.03169658340520893, "modularity": 0.4827316156316078, "echo_chamber_effect": 0.9966089010513534, "social_cost": 336.86543469743793, "poa": 2.419970918471093}
{"step": 5, "polarization": 0.03392930149107661, "modularity": 0.4827316156316078, "echo_chamber_effect": 0.9997825045550754, "social_cost": 329.0780682657972, "poa": 2.3640281046499756}
{"step": 6, "polarization": 0.03485052663098711, "modularity": 0.4827316156316078, "echo_chamber_effect": 0.9999863875097013, "social_cost": 327.6550542433941, "poa": 2.353805469151961}
{"step": 7, "polarization": 0.035103328094962104, "modularity": 0.4827316156316078, "echo_chamber_effect": 0.9999991489742451, "social_cost": 327.33398822060775, "poa": 2.351498997908481}
{"step": 8, "polarization": 0.03516794046364162, "modularity": 0.4827316156316078, "echo_chamber_effect": 0.9999999468095587, "social_cost": 327.2558782941846, "poa": 2.3509378725126453}
{"step": 9, "polarization": 0.03518418139282857, "modularity": 0.4827316156316078, "echo_chamber_effect": 0.9999999966755787, "social_cost": 327.2364859294328, "poa": 2.350798561814942}
{"step": 10, "polarization": 0.03518824712304578, "modularity": 0.4827316156316078, "echo_chamber_effect": 0.9999999997922231, "social_cost": 327.2316463096714, "poa": 2.3507637949974756}
{"step": 11, "polarization": 0.03518926389965735, "modularity": 0.4827316156316078, "echo_chamber_effect": 0.9999999999870139, "social_cost": 327.230436928939, "poa": 2.350755107058909}
{"step": 12, "polarization": 0.03518951811527029, "modularity": 0.4827316156316078, "echo_chamber_effect": 0.9999999999991884, "social_cost": 327.2301346168093, "poa": 2.350752935311716}
{"step": 13, "polarization": 0.03518958167051449, "modularity": 0.4827316156316078, "echo_chamber_effect": 0.9999999999999493, "social_cost": 327.2300590408292, "poa": 2.350752392389661}
{"step": 14, "polarization": 0.03518959755940918, "modularity": 0.4827316156316078, "echo_chamber_effect": 0.9999999999999968, "social_cost": 327.23004014696386, "poa": 2.3507522566600794}
{"step": 15, "polarization": 0.03518960153163811, "modularity": 0.4827316156316078, "echo_chamber_effect": 0.9999999999999998, "social_cost": 327.2300354235056, "poa": 2.350752222727742}
{"step": 16, "polarization": 0.03518960252469566, "modularity": 0.4827316156316078, "echo_chamber_effect": 1.0, "social_cost": 327.2300342426415, "poa": 2.350752214244661}
{"step": 17, "polarization": 0.0351896027729601, "modularity": 0.4785969084423306, "echo_chamber_effect": 1.0, "social_cost": 327.23003394742557, "poa": 2.3507522121238913}
{"step": 18, "polarization": 0.03518960278123557, "modularity": 0.4785969084423306, "echo_chamber_effect": 1.0, "social_cost": 327.2300337962855, "poa": 2.3507522110381327}
{"step": 19, "polarization": 0.03518960278220105, "modularity": 0.4785969084423306, "echo_chamber_effect": 1.0, "social_cost": 327.2300338005003, "poa": 2.3507522110684107}
{"step": 20, "polarization": 0.03518960278215277, "modularity": 0.4785969084423306, "echo_chamber_effect": 1.0, "social_cost": 327.23003380028956, "poa": 2.350752211066897}
{"step": 21, "polarization": 0.03518960278215518, "modularity": 0.4785969084423306, "echo_chamber_effect": 1.0, "social_cost": 327.2300338003, "poa": 2.350752211066972}
{"step": 22, "polarization": 0.03518960278215506, "modularity": 0.4785969084423306, "echo_chamber_effect": 1.0, "social_cost": 327.2300338002996, "poa": 2.350752211066969}
{"step": 23, "polarization": 0.03518960278215508, "modularity": 0.4785969084423306, "echo_chamber_effect": 1.0, "social_cost": 327.23003380029957, "poa": 2.3507522110669687}
{"step": 24, "polarization": 0.03518960278215507, "modularity": 0.4785969084423306, "echo_chamber_effect": 1.0, "social_cost": 327.23003380029957, "poa": 2.3507522110669687}
{"step": 25, "polarization": 0.03518960278215507, "modularity": 0.4785969084423306, "echo_chamber_effect": 1.0, "social_cost": 327.23003380029957, "poa": 2.3507522110669687}
{"step": 26, "polarization": 0.03518960278215507, "modularity": 0.4785969084423306, "echo_chamber_effect": 1.0, "social_cost": 327.23003380029957, "poa": 2.3507522110669687}
{"step": 27, "polarization": 0.03518960278215507, "modularity": 0.4785969084423306, "echo_chamber_effect": 1.0, "social_cost": 327.23003380029957, "poa": 2.3507522110669687}
{"step": 28, "polarization": 0.03518960278215507, "modularity": 0.4785969084423306, "echo_chamber_effect": 1.0, "social_cost": 327.23003380029957, "poa": 2.3507522110669687}
{"step": 29, "polarization": 0.03518960278215507, "modularity": 0.4785969084423306, "echo_chamber_effect": 1.0, "social_cost": 327.23003380029957, "poa": 2.3507522110669687}
{"step": 30, "polarization": 0.03518960278215507, "modularity": 0.4785969084423306, "echo_chamber_effect": 1.0, "social_cost": 327.23003380029957, "poa": 2.3507522110669687}
