{"step": 1, "polarization": 0.19333196331669922, "modularity": 0.8436734693877552, "echo_chamber_effect": 0.9951574522676012, "social_cost": 43.28708305563349, "poa": 1.6611476337197308}
{"step": 2, "polarization": 0.18372798242630384, "modularity": 0.8637543252595157, "echo_chamber_effect": 0.9983001063125109, "social_cost": 42.1942948093798, "poa": 1.6192117378062083}
{"step": 3, "polarization": 0.1802599241780046, "modularity": 0.8637543252595157, "echo_chamber_effect": 0.9995980270072023, "social_cost": 41.88669696847618, "poa": 1.6074076292942616}
{"step": 4, "polarization": 0.17933311100481858, "modularity": 0.8637543252595157, "echo_chamber_effect": 0.9999006396006745, "social_cost": 41.783064180687504, "poa": 1.6034307071258243}
{"step": 5, "polarization": 0.17881452420812072, "modularity": 0.8637543252595157, "echo_chamber_effect": 0.9999751420780422, "social_cost": 41.749504327703, "poa": 1.60214284325425}
{"step": 6, "polarization": 0.17856686624193951, "modularity": 0.8637543252595157, "echo_chamber_effect": 0.9999937844046773, "social_cost": 41.722126199223595, "poa": 1.6010922038919073}
{"step": 7, "polarization": 0.17844594611689074, "modularity": 0.8637543252595155, "echo_chamber_effect": 0.9999984460314774, "social_cost": 41.714848320997156, "poa": 1.6008129143362029}
{"step": 8, "polarization": 0.1783862132688769, "modularity": 0.8637543252595157, "echo_chamber_effect": 0.9999996115035134, "social_cost": 41.708293879274876, "poa": 1.600561386753637}
{"step": 9, "polarization": 0.17835652864849755, "modularity": 0.8637543252595157, "echo_chamber_effect": 0.999999902875606, "social_cost": 41.70654391503199, "poa": 1.6004942316404724}
{"step": 10, "polarization": 0.1783417317892148, "modularity": 0.8637543252595156, "echo_chamber_effect": 0.9999999757188845, "social_cost": 41.70492343525126, "poa": 1.6004320455109569}
{"step": 11, "polarization": 0.17833434472230017, "modularity": 0.8637543252595157, "echo_chamber_effect": 0.99999999392972, "social_cost": 41.70449028827265, "poa": 1.6004154234374008}
{"step": 12, "polarization": 0.1783306540295245, "modularity": 0.8637543252595157, "echo_chamber_effect": 0.9999999984824299, "social_cost": 41.70408630149309, "poa": 1.6003999203904051}
{"step": 13, "polarization": 0.17832880939330711, "modularity": 0.8637543252595157, "echo_chamber_effect": 0.9999999996206076, "social_cost": 41.70397828625356, "poa": 1.6003957752910618}
{"step": 14, "polarization": 0.17832788725274104, "modularity": 0.8637543252595157, "echo_chamber_effect": 0.9999999999051519, "social_cost": 41.70387736038152, "poa": 1.6003919022471491}
{"step": 15, "polarization": 0.1783274262268436, "modularity": 0.8637543252595157, "echo_chamber_effect": 0.9999999999762879, "social_cost": 41.70385037354071, "poa": 1.6003908666235038}
{"step": 16, "polarization": 0.17832719572499134, "modularity": 0.8637543252595157, "echo_chamber_effect": 0.999999999994072, "social_cost": 41.70382514649912, "poa": 1.60038989853239}
{"step": 17, "polarization": 0.1783270804768393, "modularity": 0.8637543252595157, "echo_chamber_effect": 0.999999999998518, "social_cost": 41.7038184008495, "poa": 1.6003896396671788}
{"step": 18, "polarization": 0.17832702285345678, "modularity": 0.8637543252595157, "echo_chamber_effect": 0.9999999999996295, "social_cost": 41.70381209436575, "poa": 1.6003893976550168}
{"step": 19, "polarization": 0.1783269940419389, "modularity": 0.8637543252595157, "echo_chamber_effect": 0.9999999999999073, "social_cost": 41.70381040801962, "poa": 1.6003893329412573}
{"step": 20, "polarization": 0.17832697963622338, "modularity": 0.8637543252595157, "echo_chamber_effect": 0.9999999999999768, "social_cost": 41.703808831415984, "poa": 1.6003892724388806}
{"step": 21, "polarization": 0.17832697243337636, "modularity": 0.8637543252595157, "echo_chamber_effect": 0.9999999999999942, "social_cost": 41.70380840983359, "poa": 1.6003892562605997}
{"step": 22, "polarization": 0.17832696883195565, "modularity": 0.8637543252595157, "echo_chamber_effect": 0.9999999999999986, "social_cost": 41.703808015683755, "poa": 1.6003892411350467}
{"step": 23, "polarization": 0.1783269670312459, "modularity": 0.8637543252595157, "echo_chamber_effect": 0.9999999999999996, "social_cost": 41.70380791028842, "poa": 1.6003892370904864}
{"step": 24, "polarization": 0.17832696613089127, "modularity": 0.8621305296568141, "echo_chamber_effect": 0.9999999999999999, "social_cost": 41.703807811751034, "poa": 1.600389233309101}
{"step": 25, "polarization": 0.17832696584008537, "modularity": 0.8626543209876544, "echo_chamber_effect": 1.0, "social_cost": 41.703807779957025, "poa": 1.6003892320890016}
{"step": 26, "polarization": 0.17832696548463697, "modularity": 0.8626543209876544, "echo_chamber_effect": 1.0, "social_cost": 41.703807757422574, "poa": 1.6003892312242392}
{"step": 27, "polarization": 0.1783269654160663, "modularity": 0.863201351097767, "echo_chamber_effect": 1.0, "social_cost": 41.703807753784446, "poa": 1.6003892310846255}
{"step": 28, "polarization": 0.17832696524570896, "modularity": 0.863201351097767, "echo_chamber_effect": 1.0, "social_cost": 41.703807747661955, "poa": 1.600389230849674}
{"step": 29, "polarization": 0.17832696526267341, "modularity": 0.8632013510977669, "echo_chamber_effect": 1.0, "social_cost": 41.70380774682784, "poa": 1.6003892308176648}
{"step": 30, "polarization": 0.1783269652541912, "modularity": 0.863201351097767, "echo_chamber_effect": 1.0, "social_cost": 41.7038077472449, "poa": 1.6003892308336696}
