{"step": 1, "polarization": 0.1882195616285269, "modularity": 0.39269031887388683, "echo_chamber_effect": 0.8938465777488219, "social_cost": 165.54152299732934, "poa": 1.189215722927353}
{"step": 2, "polarization": 0.25167794263145865, "modularity": 0.3954491798551643, "echo_chamber_effect": 0.8746459308352352, "social_cost": 112.65001868226028, "poa": 0.8092542038964159}
{"step": 3, "polarization": 0.3075514400732856, "modularity": 0.40791448038217565, "echo_chamber_effect": 0.8612135683781396, "social_cost": 105.45180819445426, "poa": 0.7575437633130125}
{"step": 4, "polarization": 0.35013322842018707, "modularity": 0.41206576664429273, "echo_chamber_effect": 0.8645617880806516, "social_cost": 96.5400191486352, "poa": 0.6935233323008444}
{"step": 5, "polarization": 0.38492317010786103, "modularity": 0.41237079372264973, "echo_chamber_effect": 0.8646795716199825, "social_cost": 94.02710238905463, "poa": 0.6754710631976474}
{"step": 6, "polarization": 0.40981128696899477, "modularity": 0.4126268900847807, "echo_chamber_effect": 0.8648037290043711, "social_cost": 93.98566710593376, "poa": 0.6751734007787019}
{"step": 7, "polarization": 0.42584531837715983, "modularity": 0.4115024153236969, "echo_chamber_effect": 0.864008886233211, "social_cost": 95.05632578187532, "poa": 0.6828647890676621}
{"step": 8, "polarization": 0.4345093737755877, "modularity": 0.40839955711091547, "echo_chamber_effect": 0.86311409675656, "social_cost": 95.82335309821255, "poa": 0.688374953091692}
{"step": 9, "polarization": 0.44030638372952274, "modularity": 0.4087500945179584, "echo_chamber_effect": 0.8630584886942527, "social_cost": 96.41035108891631, "poa": 0.6925918240448664}
{"step": 10, "polarization": 0.44455781975442304, "modularity": 0.40883005401234573, "echo_chamber_effect": 0.8634548556456795, "social_cost": 97.16846335454584, "poa": 0.6980379442067864}
{"step": 11, "polarization": 0.4468056662729397, "modularity": 0.40883005401234573, "echo_chamber_effect": 0.8635488183378751, "social_cost": 97.55841590422027, "poa": 0.7008392818704247}
{"step": 12, "polarization": 0.44801691730119453, "modularity": 0.40883005401234573, "echo_chamber_effect": 0.8633790104516197, "social_cost": 97.80317751230898, "poa": 0.7025975981371704}
{"step": 13, "polarization": 0.44865822885905976, "modularity": 0.40883005401234573, "echo_chamber_effect": 0.8632947587399658, "social_cost": 97.93297049682224, "poa": 0.7035300038267769}
{"step": 14, "polarization": 0.44900581200104683, "modularity": 0.40883005401234573, "echo_chamber_effect": 0.8632522945880808, "social_cost": 98.00067864666211, "poa": 0.7040164050323596}
{"step": 15, "polarization": 0.44919703009394324, "modularity": 0.40603298611111116, "echo_chamber_effect": 0.8632293303817619, "social_cost": 98.03766672843638, "poa": 0.7042821196857616}
{"step": 16, "polarization": 0.44930256486110876, "modularity": 0.40883005401234573, "echo_chamber_effect": 0.8632167381683729, "social_cost": 98.05801011939612, "poa": 0.7044282623570923}
{"step": 17, "polarization": 0.4493608550954704, "modularity": 0.40883005401234573, "echo_chamber_effect": 0.8632097968962953, "social_cost": 98.06922872125467, "poa": 0.7045088544495045}
{"step": 18, "polarization": 0.44939304827465615, "modularity": 0.40883005401234573, "echo_chamber_effect": 0.8632059661048179, "social_cost": 98.07541795034923, "poa": 0.7045533165785147}
{"step": 19, "polarization": 0.449410823830451, "modularity": 0.40883005401234573, "echo_chamber_effect": 0.8632038516108015, "social_cost": 98.0788324315248, "poa": 0.7045778454980638}
{"step": 20, "polarization": 0.4494206361501299, "modularity": 0.40883005401234573, "echo_chamber_effect": 0.8632026846101438, "social_cost": 98.08071593034128, "poa": 0.7045913761601365}
{"step": 21, "polarization": 0.44942605149905485, "modularity": 0.40883005401234573, "echo_chamber_effect": 0.8632020406408307, "social_cost": 98.08175480999502, "poa": 0.7045988392545679}
{"step": 22, "polarization": 0.44942903967548536, "modularity": 0.40883005401234573, "echo_chamber_effect": 0.8632016853393294, "social_cost": 98.08232778626963, "poa": 0.7046029553964415}
{"step": 23, "polarization": 0.44943068832088945, "modularity": 0.40883005401234573, "echo_chamber_effect": 0.8632014893288182, "social_cost": 98.08264378795059, "poa": 0.704605225486511}
{"step": 24, "polarization": 0.44943159782047915, "modularity": 0.40883005401234573, "echo_chamber_effect": 0.8632013812044999, "social_cost": 98.08281806095974, "poa": 0.7046064774274067}
{"step": 25, "polarization": 0.4494320995182616, "modularity": 0.40883005401234573, "echo_chamber_effect": 0.8632013215644458, "social_cost": 98.08291416974038, "poa": 0.7046071678528116}
{"step": 26, "polarization": 0.44943237624696253, "modularity": 0.40883005401234573, "echo_chamber_effect": 0.8632012886694274, "social_cost": 98.08296717156789, "poa": 0.7046075486068695}
{"step": 27, "polarization": 0.4494325288786576, "modularity": 0.40883005401234573, "echo_chamber_effect": 0.8632012705266029, "social_cost": 98.08299640064645, "poa": 0.7046077585824645}
{"step": 28, "polarization": 0.4494326130605195, "modularity": 0.40883005401234573, "echo_chamber_effect": 0.8632012605204696, "social_cost": 98.08301251960486, "poa": 0.7046078743776948}
{"step": 29, "polarization": 0.4494326594884484, "modularity": 0.40883005401234573, "echo_chamber_effect": 0.8632012550020169, "social_cost": 98.08302140869064, "poa": 0.7046079382350303}
{"step": 30, "polarization": 0.44943268509375395, "modularity": 0.40883005401234573, "echo_chamber_effect": 0.863201251958608, "social_cost": 98.0830263107206, "poa": 0.7046079734501896}
