{"step": 1, "polarization": 0.1576380454931973, "modularity": 0.9274563820018367, "echo_chamber_effect": 0.9985131882577473, "social_cost": 19.78281025288365, "poa": 1.4435164721343772}
{"step": 2, "polarization": 0.15526910941043084, "modularity": 0.9296875, "echo_chamber_effect": 0.9993481582113891, "social_cost": 19.621426033497613, "poa": 1.4317405527352447}
{"step": 3, "polarization": 0.15526910941043084, "modularity": 0.9296875, "echo_chamber_effect": 0.9993481582113891, "social_cost": 19.489515823187897, "poa": 1.4221152993465342}
{"step": 4, "polarization": 0.15526910941043084, "modularity": 0.9296875, "echo_chamber_effect": 0.9993481582113891, "social_cost": 19.621426033497613, "poa": 1.4317405527352447}
{"step": 5, "polarization": 0.15526910941043084, "modularity": 0.9296875, "echo_chamber_effect": 0.9993481582113891, "social_cost": 19.489515823187897, "poa": 1.4221152993465342}
{"step": 6, "polarization": 0.15526910941043084, "modularity": 0.9296875, "echo_chamber_effect": 0.9993481582113891, "social_cost": 19.621426033497613, "poa": 1.4317405527352447}
{"step": 7, "polarization": 0.15526910941043084, "modularity": 0.9296875, "echo_chamber_effect": 0.9993481582113891, "social_cost": 19.489515823187897, "poa": 1.4221152993465342}
{"step": 8, "polarization": 0.15526910941043084, "modularity": 0.9296875, "echo_chamber_effect": 0.9993481582113891, "social_cost": 19.621426033497613, "poa": 1.4317405527352447}
{"step": 9, "polarization": 0.15526910941043084, "modularity": 0.9296875, "echo_chamber_effect": 0.9993481582113891, "social_cost": 19.489515823187897, "poa": 1.4221152993465342}
{"step": 10, "polarization": 0.15526910941043084, "modularity": 0.9296875, "echo_chamber_effect": 0.9993481582113891, "social_cost": 19.621426033497613, "poa": 1.4317405527352447}
{"step": 11, "polarization": 0.15526910941043084, "modularity": 0.9296875, "echo_chamber_effect": 0.9993481582113891, "social_cost": 19.489515823187897, "poa": 1.4221152993465342}
{"step": 12, "polarization": 0.15526910941043084, "modularity": 0.9296875, "echo_chamber_effect": 0.9993481582113891, "social_cost": 19.621426033497613, "poa": 1.4317405527352447}
{"step": 13, "polarization": 0.15526910941043084, "modularity": 0.9296875, "echo_chamber_effect": 0.9993481582113891, "social_cost": 19.489515823187897, "poa": 1.4221152993465342}
{"step": 14, "polarization": 0.15526910941043084, "modularity": 0.9296875, "echo_chamber_effect": 0.9993481582113891, "social_cost": 19.621426033497613, "poa": 1.4317405527352447}
{"step": 15, "polarization": 0.15526910941043084, "modularity": 0.9296875, "echo_chamber_effect": 0.9993481582113891, "social_cost": 19.489515823187897, "poa": 1.4221152993465342}
{"step": 16, "polarization": 0.15526910941043084, "modularity": 0.9296875, "echo_chamber_effect": 0.9993481582113891, "social_cost": 19.621426033497613, "poa": 1.4317405527352447}
{"step": 17, "polarization": 0.15526910941043084, "modularity": 0.9296875, "echo_chamber_effect": 0.9993481582113891, "social_cost": 19.489515823187897, "poa": 1.4221152993465342}
{"step": 18, "polarization": 0.15526910941043084, "modularity": 0.9296875, "echo_chamber_effect": 0.9993481582113891, "social_cost": 19.621426033497613, "poa": 1.4317405527352447}
{"step": 19, "polarization": 0.15526910941043084, "modularity": 0.9296875, "echo_chamber_effect": 0.9993481582113891, "social_cost": 19.489515823187897, "poa": 1.4221152993465342}
{"step": 20, "polarization": 0.15526910941043084, "modularity": 0.9296875, "echo_chamber_effect": 0.9993481582113891, "social_cost": 19.621426033497613, "poa": 1.4317405527352447}
{"step": 21, "polarization": 0.15526910941043084, "modularity": 0.9296875, "echo_chamber_effect": 0.9993481582113891, "social_cost": 19.489515823187897, "poa": 1.4221152993465342}
{"step": 22, "polarization": 0.15526910941043084, "modularity": 0.9296875, "echo_chamber_effect": 0.9993481582113891, "social_cost": 19.621426033497613, "poa": 1.4317405527352447}
{"step": 23, "polarization": 0.15526910941043084, "modularity": 0.9296875, "echo_chamber_effect": 0.9993481582113891, "social_cost": 19.489515823187897, "poa": 1.4221152993465342}
{"step": 24, "polarization": 0.15526910941043084, "modularity": 0.9296875, "echo_chamber_effect": 0.9993481582113891, "social_cost": 19.621426033497613, "poa": 1.4317405527352447}
{"step": 25, "polarization": 0.15526910941043084, "modularity": 0.9296875, "echo_chamber_effect": 0.9993481582113891, "social_cost": 19.489515823187897, "poa": 1.4221152993465342}
{"step": 26, "polarization": 0.15526910941043084, "modularity": 0.9296875, "echo_chamber_effect": 0.9993481582113891, "social_cost": 19.621426033497613, "poa": 1.4317405527352447}
{"step": 27, "polarization": 0.15526910941043084, "modularity": 0.9296875, "echo_chamber_effect": 0.9993481582113891, "social_cost": 19.489515823187897, "poa": 1.4221152993465342}
{"step": 28, "polarization": 0.15526910941043084, "modularity": 0.9296875, "echo_chamber_effect": 0.9993481582113891, "social_cost": 19.621426033497613, "poa": 1.4317405527352447}
{"step": 29, "polarization": 0.15526910941043084, "modularity": 0.9296875, "echo_chamber_effect": 0.9993481582113891, "social_cost": 19.489515823187897, "poa": 1.4221152993465342}
{"step": 30, "polarization": 0.15526910941043084, "modularity": 0.9296875, "echo_chamber_effect": 0.9993481582113891, "social_cost": 19.621426033497613, "poa": 1.4317405527352447}
