{"step": 1, "polarization": 0.12203967701247163, "modularity": 0.5974523194893747, "echo_chamber_effect": 0.968538107819461, "social_cost": 149.22774674072542, "poa": 1.613049945285362}
{"step": 2, "polarization": 0.07537252573129252, "modularity": 0.6426781260697345, "echo_chamber_effect": 0.9922999426838708, "social_cost": 131.2297844495913, "poa": 1.418504274503355}
{"step": 3, "polarization": 0.06451723658849205, "modularity": 0.6599589221966844, "echo_chamber_effect": 0.9972022119598022, "social_cost": 128.04401346918172, "poa": 1.3840682676756852}
{"step": 4, "polarization": 0.06175994048358843, "modularity": 0.6746784683847621, "echo_chamber_effect": 0.9985946015191637, "social_cost": 127.98057867900565, "poa": 1.3833825809514833}
{"step": 5, "polarization": 0.06009261742036671, "modularity": 0.6919642857142857, "echo_chamber_effect": 0.9991756279711157, "social_cost": 128.02069344645787, "poa": 1.3838161941692473}
{"step": 6, "polarization": 0.05924070120305197, "modularity": 0.6919642857142857, "echo_chamber_effect": 0.9996348147086048, "social_cost": 127.67120666599212, "poa": 1.3800384809461983}
{"step": 7, "polarization": 0.05875747931983982, "modularity": 0.6919642857142857, "echo_chamber_effect": 0.9997077770613639, "social_cost": 127.85700400474278, "poa": 1.3820468231858398}
{"step": 8, "polarization": 0.05841676468051762, "modularity": 0.6919642857142857, "echo_chamber_effect": 0.999763163774156, "social_cost": 127.98553924071253, "poa": 1.3834362012329968}
{"step": 9, "polarization": 0.05815726610702253, "modularity": 0.6919642857142857, "echo_chamber_effect": 0.9998079746515425, "social_cost": 128.10906755614354, "poa": 1.384771457891354}
{"step": 10, "polarization": 0.0579507208870302, "modularity": 0.6919642857142857, "echo_chamber_effect": 0.9998443215360551, "social_cost": 128.2241516335381, "poa": 1.3860154381081633}
{"step": 11, "polarization": 0.05778228097335667, "modularity": 0.6919642857142857, "echo_chamber_effect": 0.9998738076420903, "social_cost": 128.33177916214274, "poa": 1.3871788181290956}
{"step": 12, "polarization": 0.05764306626485041, "modularity": 0.6919642857142857, "echo_chamber_effect": 0.9998977228834233, "social_cost": 128.43209771814978, "poa": 1.3882631931519218}
{"step": 13, "polarization": 0.057527104926414434, "modularity": 0.6919642857142857, "echo_chamber_effect": 0.9999171152253313, "social_cost": 128.52526944248774, "poa": 1.3892703158092559}
{"step": 14, "polarization": 0.05743002139893491, "modularity": 0.6919642857142857, "echo_chamber_effect": 0.9999328368600879, "social_cost": 128.61149406041667, "poa": 1.390202344994647}
{"step": 15, "polarization": 0.057348434074657534, "modularity": 0.6919642857142857, "echo_chamber_effect": 0.9999455804783526, "social_cost": 128.6910294407365, "poa": 1.3910620680935692}
{"step": 16, "polarization": 0.05727964971625225, "modularity": 0.6919642857142857, "echo_chamber_effect": 0.9999559087809151, "social_cost": 128.7641825658672, "poa": 1.391852803376161}
{"step": 17, "polarization": 0.05722148812338504, "modularity": 0.6919642857142857, "echo_chamber_effect": 0.9999642786263279, "social_cost": 128.83129526813482, "poa": 1.3925782458162244}
{"step": 18, "polarization": 0.05717216862251554, "modularity": 0.6919642857142857, "echo_chamber_effect": 0.9999710607743723, "social_cost": 128.8927302208617, "poa": 1.3932423156644869}
{"step": 19, "polarization": 0.057130229296629184, "modularity": 0.6919642857142857, "echo_chamber_effect": 0.9999765560031914, "social_cost": 128.9488591741231, "poa": 1.393849031285172}
{"step": 20, "polarization": 0.0570944658565454, "modularity": 0.6919642857142857, "echo_chamber_effect": 0.9999810082469345, "social_cost": 129.0000537412819, "poa": 1.3944024095647347}
{"step": 21, "polarization": 0.05706388370017585, "modularity": 0.6854934601664686, "echo_chamber_effect": 0.9999846152917519, "social_cost": 129.04667849924402, "poa": 1.3949063913303403}
{"step": 22, "polarization": 0.05703765971148596, "modularity": 0.6854934601664685, "echo_chamber_effect": 0.9999875374753792, "social_cost": 129.08908602222687, "poa": 1.395364787668295}
{"step": 23, "polarization": 0.057015110840677376, "modularity": 0.6854934601664684, "echo_chamber_effect": 0.9999899047573367, "social_cost": 129.12761342713142, "poa": 1.3957812425818792}
{"step": 24, "polarization": 0.05699566956752086, "modularity": 0.6854934601664684, "echo_chamber_effect": 0.9999918224612504, "social_cost": 129.16258023072425, "poa": 1.3961592098289504}
{"step": 25, "polarization": 0.05697886310979175, "modularity": 0.6854934601664686, "echo_chamber_effect": 0.9999933759362806, "social_cost": 129.1942869817693, "poa": 1.3965019381362218}
{"step": 26, "polarization": 0.05696429675595024, "modularity": 0.6854934601664686, "echo_chamber_effect": 0.9999946343395436, "social_cost": 129.22301472672956, "poa": 1.3968124654238638}
{"step": 27, "polarization": 0.05695164019849149, "modularity": 0.6854934601664685, "echo_chamber_effect": 0.9999956537042478, "social_cost": 129.2490249490505, "poa": 1.397093618149198}
{"step": 28, "polarization": 0.05694061635719487, "modularity": 0.6854934601664685, "echo_chamber_effect": 0.999996479427754, "social_cost": 129.27255990314822, "poa": 1.3973480149168822}
{"step": 29, "polarization": 0.05693099221896435, "modularity": 0.6854934601664686, "echo_chamber_effect": 0.9999971482887899, "social_cost": 129.29384322258286, "poa": 1.397578073052848}
{"step": 30, "polarization": 0.05692257132289549, "modularity": 0.6854934601664685, "echo_chamber_effect": 0.9999976900826292, "social_cost": 129.31308071727892, "poa": 1.3977860172217083}
