{"step": 1, "polarization": 0.19333196331669922, "modularity": 0.7501757812500001, "echo_chamber_effect": 0.9693191982218412, "social_cost": 112.29857130930674, "poa": 1.987171452299834}
{"step": 2, "polarization": 0.12749709596120803, "modularity": 0.7733076523545706, "echo_chamber_effect": 0.988069175039409, "social_cost": 99.59112596290989, "poa": 1.7623077489632322}
{"step": 3, "polarization": 0.10295394515574388, "modularity": 0.7733076523545706, "echo_chamber_effect": 0.9960002927636328, "social_cost": 94.97799646305054, "poa": 1.6806764410934856}
{"step": 4, "polarization": 0.09200183816048849, "modularity": 0.7733076523545706, "echo_chamber_effect": 0.998353307507716, "social_cost": 92.58805400913884, "poa": 1.6383853828753732}
{"step": 5, "polarization": 0.08635873904428118, "modularity": 0.7928497229916898, "echo_chamber_effect": 0.999078376966597, "social_cost": 91.36471854071077, "poa": 1.616737936330836}
{"step": 6, "polarization": 0.08460299889944378, "modularity": 0.7928497229916898, "echo_chamber_effect": 0.9997159790932483, "social_cost": 90.96893298187888, "poa": 1.6097343408747815}
{"step": 7, "polarization": 0.08356393206047073, "modularity": 0.7928497229916898, "echo_chamber_effect": 0.999914954121049, "social_cost": 90.58764065072704, "poa": 1.602987209307463}
{"step": 8, "polarization": 0.08305862146593436, "modularity": 0.7928497229916898, "echo_chamber_effect": 0.9999646037616041, "social_cost": 90.38900152250096, "poa": 1.5994722046166787}
{"step": 9, "polarization": 0.08279361339027247, "modularity": 0.7928497229916898, "echo_chamber_effect": 0.9999813128654094, "social_cost": 90.25496022103147, "poa": 1.5971002862155474}
{"step": 10, "polarization": 0.08265106556083461, "modularity": 0.7928497229916898, "echo_chamber_effect": 0.9999888504620797, "social_cost": 90.16335640963845, "poa": 1.5954793174285031}
{"step": 11, "polarization": 0.08256989562036222, "modularity": 0.7928497229916898, "echo_chamber_effect": 0.999993051464846, "social_cost": 90.09621274641026, "poa": 1.5942911814690313}
{"step": 12, "polarization": 0.0825215233338254, "modularity": 0.7934555085650818, "echo_chamber_effect": 0.9999956019757414, "social_cost": 90.04554409255047, "poa": 1.5933945778764593}
{"step": 13, "polarization": 0.08249138962874109, "modularity": 0.7934555085650818, "echo_chamber_effect": 0.9999971998170519, "social_cost": 90.00644494201013, "poa": 1.5927027016143034}
{"step": 14, "polarization": 0.0824718963757138, "modularity": 0.7934555085650818, "echo_chamber_effect": 0.9999982125828523, "social_cost": 89.97589842604347, "poa": 1.5921621678943418}
{"step": 15, "polarization": 0.0824588629643916, "modularity": 0.7934555085650818, "echo_chamber_effect": 0.9999988576494535, "social_cost": 89.95184538571431, "poa": 1.5917365390147769}
{"step": 16, "polarization": 0.08244989590558534, "modularity": 0.7934555085650818, "echo_chamber_effect": 0.9999992694525982, "social_cost": 89.93281333544554, "poa": 1.5913997587108792}
{"step": 17, "polarization": 0.08244357044036839, "modularity": 0.7934555085650818, "echo_chamber_effect": 0.9999995326466438, "social_cost": 89.91770632940509, "poa": 1.5911324337504342}
{"step": 18, "polarization": 0.08243901013948447, "modularity": 0.7934555085650818, "echo_chamber_effect": 0.9999997009640005, "social_cost": 89.90568934374681, "poa": 1.5909197880278358}
{"step": 19, "polarization": 0.08243565980373418, "modularity": 0.7934555085650818, "echo_chamber_effect": 0.9999998086420275, "social_cost": 89.89611617159818, "poa": 1.5907503866349249}
{"step": 20, "polarization": 0.08243315832499752, "modularity": 0.7934555085650818, "echo_chamber_effect": 0.9999998775398702, "social_cost": 89.88848176124118, "poa": 1.5906152924646277}
{"step": 21, "polarization": 0.08243126501247242, "modularity": 0.7934555085650818, "echo_chamber_effect": 0.999999921628731, "social_cost": 89.88238877391034, "poa": 1.59050747443683}
{"step": 22, "polarization": 0.08242981569343057, "modularity": 0.7934555085650818, "echo_chamber_effect": 0.9999999498435393, "social_cost": 89.87752320723547, "poa": 1.590421376144725}
{"step": 23, "polarization": 0.08242869591751444, "modularity": 0.7934555085650818, "echo_chamber_effect": 0.9999999679002777, "social_cost": 89.8736361338251, "poa": 1.5903525927112048}
{"step": 24, "polarization": 0.08242782424859321, "modularity": 0.7942965154503616, "echo_chamber_effect": 0.9999999794563253, "social_cost": 89.87052976725897, "poa": 1.590297624220612}
{"step": 25, "polarization": 0.08242714159328486, "modularity": 0.7942965154503616, "echo_chamber_effect": 0.9999999868521011, "social_cost": 89.86804668205723, "poa": 1.5902536849614655}
{"step": 26, "polarization": 0.08242660453960882, "modularity": 0.7942965154503616, "echo_chamber_effect": 0.9999999915853637, "social_cost": 89.86606147560911, "poa": 1.590218555880707}
{"step": 27, "polarization": 0.08242618036094522, "modularity": 0.7942965154503616, "echo_chamber_effect": 0.9999999946146395, "social_cost": 89.86447406824021, "poa": 1.5901904660255122}
{"step": 28, "polarization": 0.08242584438639078, "modularity": 0.7942965154503616, "echo_chamber_effect": 0.9999999965533717, "social_cost": 89.86320461477037, "poa": 1.5901680025011244}
{"step": 29, "polarization": 0.08242557766672391, "modularity": 0.7942965154503616, "echo_chamber_effect": 0.9999999977941587, "social_cost": 89.86218934307257, "poa": 1.590150036832366}
{"step": 30, "polarization": 0.0824253655556847, "modularity": 0.7942965154503616, "echo_chamber_effect": 0.9999999985882618, "social_cost": 89.86137730599278, "poa": 1.5901356674874638}
