{"step": 1, "polarization": 0.20277871276765488, "modularity": 0.4404762948352692, "echo_chamber_effect": 0.9016607218948789, "social_cost": 146.77579451967844, "poa": 1.0703588830390067}
{"step": 2, "polarization": 0.2767611161968698, "modularity": 0.38581268593935825, "echo_chamber_effect": 0.8823190121193991, "social_cost": 101.4292797223591, "poa": 0.7396705356380796}
{"step": 3, "polarization": 0.34539544196922917, "modularity": 0.4084852047815011, "echo_chamber_effect": 0.86741772882884, "social_cost": 97.4464101496294, "poa": 0.7106255569267877}
{"step": 4, "polarization": 0.38541860431038744, "modularity": 0.4119036732205456, "echo_chamber_effect": 0.8675988479344192, "social_cost": 93.67820932389876, "poa": 0.6831460447899622}
{"step": 5, "polarization": 0.410769752025881, "modularity": 0.408455181182454, "echo_chamber_effect": 0.8661064799687769, "social_cost": 93.6199143956202, "poa": 0.682720930454705}
{"step": 6, "polarization": 0.42800425902148403, "modularity": 0.41567215821486236, "echo_chamber_effect": 0.8657829867561466, "social_cost": 93.98556287682295, "poa": 0.6853874130392883}
{"step": 7, "polarization": 0.4405472447728272, "modularity": 0.4147880091936036, "echo_chamber_effect": 0.8682711863093994, "social_cost": 92.60182482956981, "poa": 0.67529653725474}
{"step": 8, "polarization": 0.4492170373890729, "modularity": 0.4220437057556171, "echo_chamber_effect": 0.8695932424394772, "social_cost": 91.4494714717075, "poa": 0.6668930286447261}
{"step": 9, "polarization": 0.45509932518474794, "modularity": 0.4252628446736759, "echo_chamber_effect": 0.871016508214675, "social_cost": 90.067661824287, "poa": 0.656816215668679}
{"step": 10, "polarization": 0.4592059542070672, "modularity": 0.4354094361450631, "echo_chamber_effect": 0.8726542815045231, "social_cost": 88.31776193743278, "poa": 0.6440551136460138}
{"step": 11, "polarization": 0.4638726998289711, "modularity": 0.4347555454956995, "echo_chamber_effect": 0.8769349700780008, "social_cost": 84.50496960082792, "poa": 0.616250419009386}
{"step": 12, "polarization": 0.46870749670263817, "modularity": 0.44265253256878423, "echo_chamber_effect": 0.8787626693703678, "social_cost": 83.28819267419615, "poa": 0.6073771031035907}
{"step": 13, "polarization": 0.471009959090887, "modularity": 0.4426823977667119, "echo_chamber_effect": 0.8792465525698827, "social_cost": 82.94466947322249, "poa": 0.6048719685826336}
{"step": 14, "polarization": 0.47231598241453177, "modularity": 0.44782707107288366, "echo_chamber_effect": 0.8795781261969468, "social_cost": 82.66950908259474, "poa": 0.6028653681800761}
{"step": 15, "polarization": 0.4735720228037144, "modularity": 0.4495796866354811, "echo_chamber_effect": 0.8811159163581712, "social_cost": 81.68081700365487, "poa": 0.5956553554341275}
{"step": 16, "polarization": 0.4743897852347848, "modularity": 0.4514344726120417, "echo_chamber_effect": 0.8819031312910873, "social_cost": 81.15044261183701, "poa": 0.5917876131849616}
{"step": 17, "polarization": 0.47538288708763893, "modularity": 0.453075486645541, "echo_chamber_effect": 0.882708567197261, "social_cost": 80.65631986220403, "poa": 0.5881842351476491}
{"step": 18, "polarization": 0.47576010067354163, "modularity": 0.4530456214476133, "echo_chamber_effect": 0.8829293165141714, "social_cost": 80.51036480203113, "poa": 0.5871198614497121}
{"step": 19, "polarization": 0.4760478127252729, "modularity": 0.4598973265932296, "echo_chamber_effect": 0.8833218456030487, "social_cost": 80.21538020795471, "poa": 0.5849686935295342}
{"step": 20, "polarization": 0.47687737406868336, "modularity": 0.46496655097832096, "echo_chamber_effect": 0.8852932650049841, "social_cost": 78.99364953025916, "poa": 0.576059252515557}
{"step": 21, "polarization": 0.4781501190217688, "modularity": 0.46496655097832096, "echo_chamber_effect": 0.8870702487415553, "social_cost": 77.90132788094371, "poa": 0.5680935236683263}
{"step": 22, "polarization": 0.4786783322463328, "modularity": 0.46496655097832096, "echo_chamber_effect": 0.8875035760464351, "social_cost": 77.62946576912549, "poa": 0.5661109758831234}
{"step": 23, "polarization": 0.4790204405576972, "modularity": 0.46496655097832096, "echo_chamber_effect": 0.8875619121892193, "social_cost": 77.59520187555285, "poa": 0.5658611072792914}
{"step": 24, "polarization": 0.4791917950483342, "modularity": 0.46496655097832096, "echo_chamber_effect": 0.8875749948454275, "social_cost": 77.587710519278, "poa": 0.5658064767473223}
{"step": 25, "polarization": 0.4792743578971148, "modularity": 0.4644635581711182, "echo_chamber_effect": 0.8875790658358503, "social_cost": 77.58548488323783, "poa": 0.5657902463510651}
{"step": 26, "polarization": 0.47931368901753907, "modularity": 0.4644635581711182, "echo_chamber_effect": 0.8875807346566006, "social_cost": 77.58459221441528, "poa": 0.5657837365855622}
{"step": 27, "polarization": 0.47933237096538567, "modularity": 0.46496655097832096, "echo_chamber_effect": 0.8875814911509738, "social_cost": 77.58419124128318, "poa": 0.5657808124988271}
{"step": 28, "polarization": 0.4793412379323982, "modularity": 0.46496655097832096, "echo_chamber_effect": 0.8875818453748716, "social_cost": 77.58400415305843, "poa": 0.5657794481625349}
{"step": 29, "polarization": 0.47934544579029753, "modularity": 0.46496655097832096, "echo_chamber_effect": 0.8875820127377562, "social_cost": 77.58391591608274, "poa": 0.5657788046965531}
{"step": 30, "polarization": 0.47934744269202867, "modularity": 0.46496655097832096, "echo_chamber_effect": 0.8875820920093955, "social_cost": 77.58387417540673, "poa": 0.5657785003036966}
