{"step": 1, "polarization": 0.1882195616285269, "modularity": 0.8090858725761773, "echo_chamber_effect": 0.9846399526585384, "social_cost": 16.183377609250705, "poa": 0.4348178912298623}
{"step": 2, "polarization": 0.29211678321876366, "modularity": 0.7995722048791767, "echo_chamber_effect": 0.99307848675648, "social_cost": 5.1792525213743135, "poa": 0.13915708536663107}
{"step": 3, "polarization": 0.38599571091462237, "modularity": 0.8241644965277777, "echo_chamber_effect": 0.9954044080662269, "social_cost": 1.946473107267509, "poa": 0.052298188442065435}
{"step": 4, "polarization": 0.4396533956196587, "modularity": 0.8314681440443212, "echo_chamber_effect": 0.9956512934251854, "social_cost": 1.0743416457762813, "poa": 0.02886560396451697}
{"step": 5, "polarization": 0.4721023001907473, "modularity": 0.8419187145557656, "echo_chamber_effect": 0.996949945046396, "social_cost": 0.7145608495836737, "poa": 0.01919894902494199}
{"step": 6, "polarization": 0.49332641659104115, "modularity": 0.8560156545890671, "echo_chamber_effect": 0.9980051922605098, "social_cost": 0.4814530740700251, "poa": 0.012935767517010666}
{"step": 7, "polarization": 0.5062261118356896, "modularity": 0.8540123456790123, "echo_chamber_effect": 0.9980914048813562, "social_cost": 0.41086083581260924, "poa": 0.011039082602562405}
{"step": 8, "polarization": 0.5141565589267489, "modularity": 0.8642848125236713, "echo_chamber_effect": 0.9981249404208408, "social_cost": 0.3815839626291882, "poa": 0.010252466324626551}
{"step": 9, "polarization": 0.51908763977221, "modularity": 0.8664772727272727, "echo_chamber_effect": 0.9981386958566878, "social_cost": 0.36921910347722464, "poa": 0.00992024507195444}
{"step": 10, "polarization": 0.5222132496502341, "modularity": 0.8664772727272727, "echo_chamber_effect": 0.9981458068266889, "social_cost": 0.3639197432165968, "poa": 0.009777860910314637}
{"step": 11, "polarization": 0.5242149778365822, "modularity": 0.8664772727272726, "echo_chamber_effect": 0.9981494548421792, "social_cost": 0.36166638760533903, "poa": 0.009717317347732372}
{"step": 12, "polarization": 0.5255076957306344, "modularity": 0.8664772727272727, "echo_chamber_effect": 0.9981514294208701, "social_cost": 0.3607168877071836, "poa": 0.009691806014226633}
{"step": 13, "polarization": 0.5263483199840259, "modularity": 0.8664772727272727, "echo_chamber_effect": 0.9981525055593706, "social_cost": 0.36032404724705536, "poa": 0.00968125110630895}
{"step": 14, "polarization": 0.5268980461423767, "modularity": 0.8664772727272726, "echo_chamber_effect": 0.9981530951500137, "social_cost": 0.3601662236452211, "poa": 0.009677010673477633}
{"step": 15, "polarization": 0.5272592006001481, "modularity": 0.8664772727272726, "echo_chamber_effect": 0.9981534199491043, "social_cost": 0.36010580581964613, "poa": 0.009675387356507375}
{"step": 16, "polarization": 0.5274973659312918, "modularity": 0.8664772727272727, "echo_chamber_effect": 0.998153599799489, "social_cost": 0.3600846051502643, "poa": 0.009674817733121215}
{"step": 17, "polarization": 0.527654911620541, "modularity": 0.8664772727272726, "echo_chamber_effect": 0.9981536998653441, "social_cost": 0.3600784636604402, "poa": 0.009674652722471474}
{"step": 18, "polarization": 0.5277593916877593, "modularity": 0.8664772727272726, "echo_chamber_effect": 0.9981537557827321, "social_cost": 0.3600776353793907, "poa": 0.009674630468067727}
{"step": 19, "polarization": 0.5278288236599447, "modularity": 0.8664772727272726, "echo_chamber_effect": 0.998153787150563, "social_cost": 0.36007836678932337, "poa": 0.009674650119720938}
{"step": 20, "polarization": 0.5278750426775491, "modularity": 0.8664772727272726, "echo_chamber_effect": 0.9981538048064552, "social_cost": 0.3600793265783005, "poa": 0.00967467590750326}
{"step": 21, "polarization": 0.5279058520448229, "modularity": 0.8653544257939864, "echo_chamber_effect": 0.9981538147733818, "social_cost": 0.3600801189792431, "poa": 0.00967469719787386}
{"step": 22, "polarization": 0.5279264126542551, "modularity": 0.8634215500945179, "echo_chamber_effect": 0.9981538204138385, "social_cost": 0.3600806817385506, "poa": 0.009674712318191838}
{"step": 23, "polarization": 0.5279401463778679, "modularity": 0.8634215500945179, "echo_chamber_effect": 0.9981538236126049, "social_cost": 0.36008105294642384, "poa": 0.009674722291871532}
{"step": 24, "polarization": 0.5279493269339867, "modularity": 0.8569529085872577, "echo_chamber_effect": 0.998153825428222, "social_cost": 0.3600812876364535, "poa": 0.009674728597565328}
{"step": 25, "polarization": 0.5279554676427, "modularity": 0.8569529085872577, "echo_chamber_effect": 0.998153826453648, "social_cost": 0.3600814325718494, "poa": 0.009674732491715531}
{"step": 26, "polarization": 0.527959577103156, "modularity": 0.8569529085872578, "echo_chamber_effect": 0.9981538270578848, "social_cost": 0.36008151870322014, "poa": 0.009674734805908643}
{"step": 27, "polarization": 0.5279623283615217, "modularity": 0.8569529085872576, "echo_chamber_effect": 0.9981538273893975, "social_cost": 0.36008157057609524, "poa": 0.009674736199638352}
{"step": 28, "polarization": 0.5279641709275821, "modularity": 0.857421875, "echo_chamber_effect": 0.9981538275809707, "social_cost": 0.3600816011154218, "poa": 0.009674737020174453}
{"step": 29, "polarization": 0.5279654053270015, "modularity": 0.8425605536332179, "echo_chamber_effect": 0.9981538276900511, "social_cost": 0.3600816190359858, "poa": 0.00967473750166738}
{"step": 30, "polarization": 0.5279662324113755, "modularity": 0.8425605536332179, "echo_chamber_effect": 0.9981538277572389, "social_cost": 0.3600816291156602, "poa": 0.00967473777248988}
