{"step": 1, "polarization": 0.20812993274185815, "modularity": 0.7187514461566938, "echo_chamber_effect": 0.9802426002190318, "social_cost": 19.345651617077205, "poa": 0.34721712002285926}
{"step": 2, "polarization": 0.31638911376824913, "modularity": 0.7267637877211238, "echo_chamber_effect": 0.9879514288419629, "social_cost": 6.598349872378942, "poa": 0.11842764901070604}
{"step": 3, "polarization": 0.4049603067837905, "modularity": 0.791512840277496, "echo_chamber_effect": 0.9954156963105182, "social_cost": 2.121330208405281, "poa": 0.03807378423633865}
{"step": 4, "polarization": 0.4601709076456836, "modularity": 0.7922430930260862, "echo_chamber_effect": 0.9972144403176822, "social_cost": 0.9799323009470734, "poa": 0.017587894069790055}
{"step": 5, "polarization": 0.4886022034171729, "modularity": 0.791459701970838, "echo_chamber_effect": 0.9976952923701806, "social_cost": 0.7349905900376552, "poa": 0.013191662962207999}
{"step": 6, "polarization": 0.5035204656821883, "modularity": 0.7913281250000002, "echo_chamber_effect": 0.9978265997351141, "social_cost": 0.6680760397916956, "poa": 0.011990675893697084}
{"step": 7, "polarization": 0.5112227365377011, "modularity": 0.7913281250000002, "echo_chamber_effect": 0.9978610325271412, "social_cost": 0.6480859248033839, "poa": 0.011631891899621622}
{"step": 8, "polarization": 0.5152493838656947, "modularity": 0.7913281250000002, "echo_chamber_effect": 0.9978693244753296, "social_cost": 0.6416028742549056, "poa": 0.011515533651010436}
{"step": 9, "polarization": 0.5173179241363143, "modularity": 0.7912503375641372, "echo_chamber_effect": 0.9978702823936891, "social_cost": 0.6393274709832195, "poa": 0.011474694552564767}
{"step": 10, "polarization": 0.5183808972195783, "modularity": 0.7909217509127178, "echo_chamber_effect": 0.9978697888146374, "social_cost": 0.638421841804857, "poa": 0.01145844025618107}
{"step": 11, "polarization": 0.5189279388780551, "modularity": 0.7906751933372992, "echo_chamber_effect": 0.9978691941058342, "social_cost": 0.6380169007911044, "poa": 0.011451172346298407}
{"step": 12, "polarization": 0.5192101527315756, "modularity": 0.7909217509127178, "echo_chamber_effect": 0.9978687225936242, "social_cost": 0.6378236963859919, "poa": 0.011447704700005239}
{"step": 13, "polarization": 0.5193560741234875, "modularity": 0.7909217509127178, "echo_chamber_effect": 0.9978684354581676, "social_cost": 0.6377242731337189, "poa": 0.01144592024445932}
{"step": 14, "polarization": 0.5194317060437741, "modularity": 0.7909217509127178, "echo_chamber_effect": 0.9978682701084299, "social_cost": 0.6376708682064939, "poa": 0.011444961729057866}
{"step": 15, "polarization": 0.5194710050674078, "modularity": 0.7909217509127178, "echo_chamber_effect": 0.9978681767084762, "social_cost": 0.6376414530632473, "poa": 0.011444433783991693}
{"step": 16, "polarization": 0.5194914783586313, "modularity": 0.7909217509127178, "echo_chamber_effect": 0.9978681233536018, "social_cost": 0.6376251356624756, "poa": 0.01144414091813148}
{"step": 17, "polarization": 0.5195021711757378, "modularity": 0.7909217509127178, "echo_chamber_effect": 0.9978680933924945, "social_cost": 0.6376159858809761, "poa": 0.011443976697207628}
{"step": 18, "polarization": 0.5195077696175278, "modularity": 0.7909217509127178, "echo_chamber_effect": 0.997868076500648, "social_cost": 0.6376108363076716, "poa": 0.011443884272302664}
{"step": 19, "polarization": 0.5195107077907396, "modularity": 0.7909217509127178, "echo_chamber_effect": 0.9978680669668641, "social_cost": 0.6376079304027332, "poa": 0.011443832116915825}
{"step": 20, "polarization": 0.5195122533851567, "modularity": 0.7909217509127178, "echo_chamber_effect": 0.9978680615790093, "social_cost": 0.637606287791434, "poa": 0.011443802635212344}
{"step": 21, "polarization": 0.5195130682958738, "modularity": 0.7909217509127178, "echo_chamber_effect": 0.9978680585313413, "social_cost": 0.6376053580671232, "poa": 0.011443785948454823}
{"step": 22, "polarization": 0.5195134988920398, "modularity": 0.7909217509127178, "echo_chamber_effect": 0.9978680568059388, "social_cost": 0.6376048313010882, "poa": 0.011443776494020865}
{"step": 23, "polarization": 0.5195137268783796, "modularity": 0.7908871882086168, "echo_chamber_effect": 0.9978680558254585, "social_cost": 0.6376045329847456, "poa": 0.011443771139818102}
{"step": 24, "polarization": 0.5195138477778247, "modularity": 0.7904908745383484, "echo_chamber_effect": 0.9978680552664768, "social_cost": 0.6376043642659028, "poa": 0.011443768111640409}
{"step": 25, "polarization": 0.5195139121717538, "modularity": 0.7908871882086168, "echo_chamber_effect": 0.9978680549601961, "social_cost": 0.6376042672613124, "poa": 0.011443766370595175}
{"step": 26, "polarization": 0.5195139465459893, "modularity": 0.7908871882086168, "echo_chamber_effect": 0.9978680547806427, "social_cost": 0.6376042125162205, "poa": 0.011443765388026404}
{"step": 27, "polarization": 0.5195139648280055, "modularity": 0.7908871882086168, "echo_chamber_effect": 0.9978680546792131, "social_cost": 0.6376041813732274, "poa": 0.011443764829069768}
{"step": 28, "polarization": 0.5195139745657857, "modularity": 0.7908871882086168, "echo_chamber_effect": 0.9978680546215076, "social_cost": 0.6376041636762024, "poa": 0.011443764511442316}
{"step": 29, "polarization": 0.5195139799335885, "modularity": 0.7924271218042956, "echo_chamber_effect": 0.997868054589936, "social_cost": 0.6376041534554104, "poa": 0.01144376432799882}
{"step": 30, "polarization": 0.5195139827756107, "modularity": 0.7869387755102041, "echo_chamber_effect": 0.9978680545697132, "social_cost": 0.6376041478538598, "poa": 0.011443764227461793}
