{"step": 1, "polarization": 0.13162684464168783, "neighbor_correlation_index": 0.7825829553928362, "echo_chamber_effect": 0.7784501066610023}
{"step": 2, "polarization": 0.13974595727532224, "neighbor_correlation_index": 0.911533416020037, "echo_chamber_effect": 0.896410003799336}
{"step": 3, "polarization": 0.1482067258952969, "neighbor_correlation_index": 0.9310342955009462, "echo_chamber_effect": 0.942471438913686}
{"step": 4, "polarization": 0.15005763877759165, "neighbor_correlation_index": 0.9568344032927109, "echo_chamber_effect": 0.9675926268782997}
{"step": 5, "polarization": 0.15034810191834336, "neighbor_correlation_index": 0.9734556834994397, "echo_chamber_effect": 0.9798041899967527}
{"step": 6, "polarization": 0.14953167713229937, "neighbor_correlation_index": 0.961179136797875, "echo_chamber_effect": 0.9867402589315512}
{"step": 7, "polarization": 0.14953345106612628, "neighbor_correlation_index": 0.9746874436566744, "echo_chamber_effect": 0.9911482272255341}
{"step": 8, "polarization": 0.14971023409936524, "neighbor_correlation_index": 0.973259887521001, "echo_chamber_effect": 0.9940222188611814}
{"step": 9, "polarization": 0.14958779495850194, "neighbor_correlation_index": 0.9824440538931445, "echo_chamber_effect": 0.995815016676653}
{"step": 10, "polarization": 0.14950127654209325, "neighbor_correlation_index": 0.9793245846186389, "echo_chamber_effect": 0.9970561727979059}
{"step": 11, "polarization": 0.14948678798185194, "neighbor_correlation_index": 0.9874611485000081, "echo_chamber_effect": 0.9979360497472098}
{"step": 12, "polarization": 0.1494081934948904, "neighbor_correlation_index": 0.9834450387697652, "echo_chamber_effect": 0.9985182618532827}
{"step": 13, "polarization": 0.1494123891439525, "neighbor_correlation_index": 0.9894678766568064, "echo_chamber_effect": 0.9989092281385074}
{"step": 14, "polarization": 0.14942565818771922, "neighbor_correlation_index": 0.9866062309824821, "echo_chamber_effect": 0.999185828681798}
{"step": 15, "polarization": 0.14943981044176521, "neighbor_correlation_index": 0.993395197467227, "echo_chamber_effect": 0.9993968504790431}
{"step": 16, "polarization": 0.14944928593213544, "neighbor_correlation_index": 0.9907126276412177, "echo_chamber_effect": 0.9995401488245875}
{"step": 17, "polarization": 0.14945892532914148, "neighbor_correlation_index": 0.9899344841282574, "echo_chamber_effect": 0.9996454191153755}
{"step": 18, "polarization": 0.14946637515671468, "neighbor_correlation_index": 0.9947522103383744, "echo_chamber_effect": 0.9997144745853946}
{"step": 19, "polarization": 0.14947706697652188, "neighbor_correlation_index": 0.9913141750003692, "echo_chamber_effect": 0.9997758871109372}
{"step": 20, "polarization": 0.14948387523074286, "neighbor_correlation_index": 0.9904618935763052, "echo_chamber_effect": 0.9998218425926853}
{"step": 21, "polarization": 0.14948665785434773, "neighbor_correlation_index": 0.9960448972655791, "echo_chamber_effect": 0.9998583458199265}
{"step": 22, "polarization": 0.14949333440153745, "neighbor_correlation_index": 0.9980830370813515, "echo_chamber_effect": 0.9998886444915516}
{"step": 23, "polarization": 0.14949674117469808, "neighbor_correlation_index": 0.9968657528609852, "echo_chamber_effect": 0.9999098290698396}
{"step": 24, "polarization": 0.14950236490047555, "neighbor_correlation_index": 0.9960938814909737, "echo_chamber_effect": 0.9999271887002371}
{"step": 25, "polarization": 0.14950520855848654, "neighbor_correlation_index": 0.9932644370925523, "echo_chamber_effect": 0.9999407175831925}
{"step": 26, "polarization": 0.14950743192319885, "neighbor_correlation_index": 0.9871703462738983, "echo_chamber_effect": 0.999952364247232}
{"step": 27, "polarization": 0.14950937416357576, "neighbor_correlation_index": 0.9968333700381323, "echo_chamber_effect": 0.9999612541138244}
{"step": 28, "polarization": 0.1495108119427446, "neighbor_correlation_index": 0.9911638255508217, "echo_chamber_effect": 0.9999687576632025}
{"step": 29, "polarization": 0.14951193386343167, "neighbor_correlation_index": 0.9861463886039281, "echo_chamber_effect": 0.999974431778215}
{"step": 30, "polarization": 0.14951311568868886, "neighbor_correlation_index": 0.9974059041177759, "echo_chamber_effect": 0.9999789682225628}
{"step": 1, "polarization": 0.13162684464168783, "neighbor_correlation_index": 0.7825829553928362, "echo_chamber_effect": 0.7784501066610023}
{"step": 2, "polarization": 0.13974595727532224, "neighbor_correlation_index": 0.911533416020037, "echo_chamber_effect": 0.896410003799336}
{"step": 3, "polarization": 0.1482067258952969, "neighbor_correlation_index": 0.9310342955009462, "echo_chamber_effect": 0.942471438913686}
{"step": 4, "polarization": 0.15005763877759165, "neighbor_correlation_index": 0.9568344032927109, "echo_chamber_effect": 0.9675926268782997}
{"step": 5, "polarization": 0.15034810191834336, "neighbor_correlation_index": 0.9734556834994397, "echo_chamber_effect": 0.9798041899967527}
{"step": 6, "polarization": 0.14953167713229937, "neighbor_correlation_index": 0.961179136797875, "echo_chamber_effect": 0.9867402589315512}
{"step": 7, "polarization": 0.14953345106612628, "neighbor_correlation_index": 0.9746874436566744, "echo_chamber_effect": 0.9911482272255341}
{"step": 8, "polarization": 0.14971023409936524, "neighbor_correlation_index": 0.973259887521001, "echo_chamber_effect": 0.9940222188611814}
{"step": 9, "polarization": 0.14958779495850194, "neighbor_correlation_index": 0.9824440538931445, "echo_chamber_effect": 0.995815016676653}
{"step": 10, "polarization": 0.14950127654209325, "neighbor_correlation_index": 0.9793245846186389, "echo_chamber_effect": 0.9970561727979059}
{"step": 11, "polarization": 0.14948678798185194, "neighbor_correlation_index": 0.9874611485000081, "echo_chamber_effect": 0.9979360497472098}
{"step": 12, "polarization": 0.1494081934948904, "neighbor_correlation_index": 0.9834450387697652, "echo_chamber_effect": 0.9985182618532827}
{"step": 13, "polarization": 0.1494123891439525, "neighbor_correlation_index": 0.9894678766568064, "echo_chamber_effect": 0.9989092281385074}
{"step": 14, "polarization": 0.14942565818771922, "neighbor_correlation_index": 0.9866062309824821, "echo_chamber_effect": 0.999185828681798}
{"step": 15, "polarization": 0.14943981044176521, "neighbor_correlation_index": 0.993395197467227, "echo_chamber_effect": 0.9993968504790431}
{"step": 16, "polarization": 0.14944928593213544, "neighbor_correlation_index": 0.9907126276412177, "echo_chamber_effect": 0.9995401488245875}
{"step": 17, "polarization": 0.14945892532914148, "neighbor_correlation_index": 0.9899344841282574, "echo_chamber_effect": 0.9996454191153755}
{"step": 18, "polarization": 0.14946637515671468, "neighbor_correlation_index": 0.9947522103383744, "echo_chamber_effect": 0.9997144745853946}
{"step": 19, "polarization": 0.14947706697652188, "neighbor_correlation_index": 0.9913141750003692, "echo_chamber_effect": 0.9997758871109372}
{"step": 20, "polarization": 0.14948387523074286, "neighbor_correlation_index": 0.9904618935763052, "echo_chamber_effect": 0.9998218425926853}
{"step": 21, "polarization": 0.14948665785434773, "neighbor_correlation_index": 0.9960448972655791, "echo_chamber_effect": 0.9998583458199265}
{"step": 22, "polarization": 0.14949333440153745, "neighbor_correlation_index": 0.9980830370813515, "echo_chamber_effect": 0.9998886444915516}
{"step": 23, "polarization": 0.14949674117469808, "neighbor_correlation_index": 0.9968657528609852, "echo_chamber_effect": 0.9999098290698396}
{"step": 24, "polarization": 0.14950236490047555, "neighbor_correlation_index": 0.9960938814909737, "echo_chamber_effect": 0.9999271887002371}
{"step": 25, "polarization": 0.14950520855848654, "neighbor_correlation_index": 0.9932644370925523, "echo_chamber_effect": 0.9999407175831925}
{"step": 26, "polarization": 0.14950743192319885, "neighbor_correlation_index": 0.9871703462738983, "echo_chamber_effect": 0.999952364247232}
{"step": 27,