{"step": 1, "polarization": 0.12203967701247163, "modularity": 0.6867401859309721, "echo_chamber_effect": 0.9844470197561302, "social_cost": 72.33707631820855, "poa": 1.298310949004717}
{"step": 2, "polarization": 0.09237363535147392, "modularity": 0.7499999999999999, "echo_chamber_effect": 0.9953767779157128, "social_cost": 66.97274750513772, "poa": 1.2020315970243518}
{"step": 3, "polarization": 0.08645906068571428, "modularity": 0.7549070661752925, "echo_chamber_effect": 0.9979454154679499, "social_cost": 65.20705301392974, "poa": 1.1703407877297054}
{"step": 4, "polarization": 0.08163366882358276, "modularity": 0.7549070661752925, "echo_chamber_effect": 0.9987289246178868, "social_cost": 64.53728342197043, "poa": 1.1583197158422271}
{"step": 5, "polarization": 0.07765398685787428, "modularity": 0.7542090957036798, "echo_chamber_effect": 0.9991788170686343, "social_cost": 64.09403762535943, "poa": 1.1503643090144906}
{"step": 6, "polarization": 0.07447779585314562, "modularity": 0.7542090957036798, "echo_chamber_effect": 0.9994681187978374, "social_cost": 63.79873768462091, "poa": 1.1450642448452568}
{"step": 7, "polarization": 0.0719792714460699, "modularity": 0.7542090957036798, "echo_chamber_effect": 0.9996567890516296, "social_cost": 63.59471253298792, "poa": 1.1414023870301548}
{"step": 8, "polarization": 0.07002560971295957, "modularity": 0.7542090957036798, "echo_chamber_effect": 0.9997792703116296, "social_cost": 63.449938687454626, "poa": 1.138803975836999}
{"step": 9, "polarization": 0.06849934793989791, "modularity": 0.7342285691103088, "echo_chamber_effect": 0.9998583410156976, "social_cost": 63.34525832653663, "poa": 1.1369251653342392}
{"step": 10, "polarization": 0.06730499245797059, "modularity": 0.7542090957036798, "echo_chamber_effect": 0.9999091971460703, "social_cost": 63.268325720173436, "poa": 1.135544373487781}
{"step": 11, "polarization": 0.06636784851769811, "modularity": 0.7542090957036798, "echo_chamber_effect": 0.9999418352685772, "social_cost": 63.21101475569428, "poa": 1.1345157522541276}
{"step": 12, "polarization": 0.0656303830019611, "modularity": 0.7542090957036798, "echo_chamber_effect": 0.9999627560366696, "social_cost": 63.167823633746984, "poa": 1.1337405549503647}
{"step": 13, "polarization": 0.06504845411888596, "modularity": 0.7537854510495113, "echo_chamber_effect": 0.999976157030678, "social_cost": 63.134950215807834, "poa": 1.1331505405260347}
{"step": 14, "polarization": 0.0645881399709846, "modularity": 0.7537854510495113, "echo_chamber_effect": 0.9999847379469392, "social_cost": 63.10971755285098, "poa": 1.1326976629111678}
{"step": 15, "polarization": 0.06422326746040379, "modularity": 0.7537854510495113, "echo_chamber_effect": 0.9999902313197003, "social_cost": 63.09021014666563, "poa": 1.1323475426087422}
{"step": 16, "polarization": 0.06393354475027646, "modularity": 0.7537854510495113, "echo_chamber_effect": 0.9999937476742364, "social_cost": 63.07503715896562, "poa": 1.1320752167550765}
{"step": 17, "polarization": 0.06370316389962474, "modularity": 0.7557000115736275, "echo_chamber_effect": 0.9999959983679704, "social_cost": 63.06317526586132, "poa": 1.131862318660806}
{"step": 18, "polarization": 0.06351975554571733, "modularity": 0.7557000115736275, "echo_chamber_effect": 0.9999974388993198, "social_cost": 63.05386246712665, "poa": 1.1316951718921155}
{"step": 19, "polarization": 0.06337360332763056, "modularity": 0.7454825996430695, "echo_chamber_effect": 0.9999983608733898, "social_cost": 63.04652525132032, "poa": 1.1315634830251968}
{"step": 20, "polarization": 0.06325704973175066, "modularity": 0.7446484276955071, "echo_chamber_effect": 0.9999989509504736, "social_cost": 63.040727765984236, "poa": 1.131459429349383}
{"step": 21, "polarization": 0.06316404244094605, "modularity": 0.7435121107266436, "echo_chamber_effect": 0.9999993286049824, "social_cost": 63.03613601344006, "poa": 1.1313770162507806}
{"step": 22, "polarization": 0.06308978723972718, "modularity": 0.7435121107266436, "echo_chamber_effect": 0.9999995703056848, "social_cost": 63.03249220702924, "poa": 1.1313116169562554}
{"step": 23, "polarization": 0.0630304797847166, "modularity": 0.7435121107266436, "echo_chamber_effect": 0.9999997249950197, "social_cost": 63.02959610914617, "poa": 1.1312596375871358}
{"step": 24, "polarization": 0.06298309561148019, "modularity": 0.7435121107266436, "echo_chamber_effect": 0.9999998239965866, "social_cost": 63.02729134323512, "poa": 1.1312182714859673}
{"step": 25, "polarization": 0.06294522784876361, "modularity": 0.7435121107266436, "echo_chamber_effect": 0.9999998873577228, "social_cost": 63.025455286418776, "poa": 1.1311853178086972}
{"step": 26, "polarization": 0.0629149589619551, "modularity": 0.7435121107266436, "echo_chamber_effect": 0.9999999279089055, "social_cost": 63.02399140392158, "poa": 1.1311590439423633}
{"step": 27, "polarization": 0.06289076006065242, "modularity": 0.7435121107266436, "echo_chamber_effect": 0.9999999538616842, "social_cost": 63.02282347437458, "poa": 1.1311380818604586}
{"step": 28, "polarization": 0.0628714113126148, "modularity": 0.7435121107266436, "echo_chamber_effect": 0.9999999704714717, "social_cost": 63.02189116363235, "poa": 1.1311213486814842}
{"step": 29, "polarization": 0.06285593895295516, "modularity": 0.7435121107266436, "echo_chamber_effect": 0.9999999811017393, "social_cost": 63.021146616098, "poa": 1.1311079854898114}
{"step": 30, "polarization": 0.06284356531403215, "modularity": 0.7435121107266436, "echo_chamber_effect": 0.9999999879051121, "social_cost": 63.02055181074718, "poa": 1.1310973098814123}
