{
    "0": {
        "beliefs": [
            -1.0,
            0.42857142857142855,
            0.38333333333333336,
            0.3771428571428571
        ],
        "opinions": [
            "-1.0",
            "0.4286",
            "0.3833",
            "0.3771"
        ]
    },
    "1": {
        "beliefs": [
            0.0,
            -0.1875,
            -0.2446428571428571,
            -0.24488095238095237
        ],
        "opinions": [
            "0.0",
            "-0.1875",
            "-0.2446",
            "-0.2449"
        ]
    },
    "2": {
        "beliefs": [
            0.0,
            0.0,
            0.0,
            0.0
        ],
        "opinions": [
            "0.0",
            "0.0",
            "0.0",
            "0.0"
        ]
    },
    "3": {
        "beliefs": [
            0.5,
            0.0,
            0.0,
            0.0
        ],
        "opinions": [
            "0.5",
            "0.0",
            "0.0",
            "0.0"
        ]
    },
    "4": {
        "beliefs": [
            1.0,
            -0.1875,
            -0.2446428571428571,
            -0.24488095238095237
        ],
        "opinions": [
            "1.0",
            "-0.1875",
            "-0.2446",
            "-0.2449"
        ]
    },
    "5": {
        "beliefs": [
            1.0,
            0.4166666666666667,
            0.38571428571428573,
            0.37666666666666665
        ],
        "opinions": [
            "1.0",
            "0.4167",
            "0.3857",
            "0.3767"
        ]
    },
    "6": {
        "beliefs": [
            0.5,
            0.375,
            0.375,
            0.375
        ],
        "opinions": [
            "0.5",
            "0.375",
            "0.375",
            "0.375"
        ]
    },
    "7": {
        "beliefs": [
            -0.5,
            -0.3333333333333333,
            -0.3038095238095238,
            -0.29854761904761906
        ],
        "opinions": [
            "-0.5",
            "-0.3333",
            "-0.3038",
            "-0.2985"
        ]
    },
    "8": {
        "beliefs": [
            -1.0,
            0.375,
            0.375,
            0.375
        ],
        "opinions": [
            "-1.0",
            "0.375",
            "0.375",
            "0.375"
        ]
    },
    "9": {
        "beliefs": [
            0.0,
            -1.0,
            -0.6133333333333334,
            -0.444952380952381
        ],
        "opinions": [
            "0.0",
            "-1.0",
            "-0.6133",
            "-0.445"
        ]
    },
    "10": {
        "beliefs": [
            -1.0,
            0.11764705882352941,
            0.14166666666666666,
            0.13686274509803922
        ],
        "opinions": [
            "-1.0",
            "0.1176",
            "0.1417",
            "0.1369"
        ]
    },
    "11": {
        "beliefs": [
            0.5,
            -0.2857142857142857,
            -0.2833333333333333,
            -0.2834761904761905
        ],
        "opinions": [
            "0.5",
            "-0.2857",
            "-0.2833",
            "-0.2835"
        ]
    },
    "12": {
        "beliefs": [
            0.0,
            0.375,
            0.375,
            0.375
        ],
        "opinions": [
            "0.0",
            "0.375",
            "0.375",
            "0.375"
        ]
    },
    "13": {
        "beliefs": [
            0.0,
            -0.25,
            -0.23214285714285712,
            -0.2473809523809524
        ],
        "opinions": [
            "0.0",
            "-0.25",
            "-0.2321",
            "-0.2474"
        ]
    },
    "14": {
        "beliefs": [
            -1.0,
            0.5,
            0.48571428571428577,
            0.48857142857142855
        ],
        "opinions": [
            "-1.0",
            "0.5",
            "0.4857",
            "0.4886"
        ]
    },
    "15": {
        "beliefs": [
            1.0,
            0.125,
            0.14019607843137255,
            0.13715686274509803
        ],
        "opinions": [
            "1.0",
            "0.125",
            "0.1402",
            "0.1372"
        ]
    },
    "16": {
        "beliefs": [
            -1.0,
            0.16666666666666666,
            0.13186274509803922,
            0.1388235294117647
        ],
        "opinions": [
            "-1.0",
            "0.1667",
            "0.1319",
            "0.1388"
        ]
    },
    "17": {
        "beliefs": [
            1.0,
            0.125,
            0.14019607843137255,
            0.13715686274509803
        ],
        "opinions": [
            "1.0",
            "0.125",
            "0.1402",
            "0.1372"
        ]
    },
    "18": {
        "beliefs": [
            1.0,
            0.375,
            0.375,
            0.375
        ],
        "opinions": [
            "1.0",
            "0.375",
            "0.375",
            "0.375"
        ]
    },
    "19": {
        "beliefs": [
            0.5,
            0.0,
            0.0,
            0.0
        ],
        "opinions": [
            "0.5",
            "0.0",
            "0.0",
            "0.0"
        ]
    },
    "20": {
        "beliefs": [
            0.0,
            0.5,
            0.48571428571428577,
            0.48857142857142855
        ],
        "opinions": [
            "0.0",
            "0.5",
            "0.4857",
            "0.4886"
        ]
    },
    "21": {
        "beliefs": [
            -0.5,
            0.5833333333333334,
            0.519047619047619,
            0.5347619047619048
        ],
        "opinions": [
            "-0.5",
            "0.5833",
            "0.519",
            "0.5348"
        ]
    },
    "22": {
        "beliefs": [
            1.0,
            -0.3333333333333333,
            -0.3038095238095238,
            -0.29854761904761906
        ],
        "opinions": [
            "1.0",
            "-0.3333",
            "-0.3038",
            "-0.2985"
        ]
    },
    "23": {
        "beliefs": [
            1.0,
            -0.4,
            -0.34047619047619043,
            -0.2912142857142857
        ],
        "opinions": [
            "1.0",
            "-0.4",
            "-0.3405",
            "-0.2912"
        ]
    },
    "24": {
        "beliefs": [
            -0.5,
            0.25,
            0.23333333333333334,
            0.215
        ],
        "opinions": [
            "-0.5",
            "0.25",
            "0.2333",
            "0.215"
        ]
    },
    "25": {
        "beliefs": [
            1.0,
            -0.8333333333333334,
            -0.6466666666666667,
            -0.43828571428571433
        ],
        "opinions": [
            "1.0",
            "-0.8333",
            "-0.6467",
            "-0.4383"
        ]
    },
    "26": {
        "beliefs": [
            0.5,
            0.0,
            0.0,
            0.0
        ],
        "opinions": [
            "0.5",
            "0.0",
            "0.0",
            "0.0"
        ]
    },
    "27": {
        "beliefs": [
            1.0,
            0.0,
            0.0,
            0.0
        ],
        "opinions": [
            "1.0",
            "0.0",
            "0.0",
            "0.0"
        ]
    },
    "28": {
        "beliefs": [
            0.5,
            0.25,
            0.23333333333333334,
            0.215
        ],
        "opinions": [
            "0.5",
            "0.25",
            "0.2333",
            "0.215"
        ]
    },
    "29": {
        "beliefs": [
            0.0,
            0.0,
            0.0,
            0.0
        ],
        "opinions": [
            "0.0",
            "0.0",
            "0.0",
            "0.0"
        ]
    },
    "30": {
        "beliefs": [
            1.0,
            0.0,
            0.0,
            0.0
        ],
        "opinions": [
            "1.0",
            "0.0",
            "0.0",
            "0.0"
        ]
    },