{"step": 1, "polarization": 0.1848022956485292, "neighbor_correlation_index": 0.8059585327778765, "echo_chamber_effect": 0.768226956028237}
{"step": 2, "polarization": 0.19001429645381296, "neighbor_correlation_index": 0.9014108334002964, "echo_chamber_effect": 0.890618258435463}
{"step": 3, "polarization": 0.1965126208790906, "neighbor_correlation_index": 0.904704721527599, "echo_chamber_effect": 0.9397496096198951}
{"step": 4, "polarization": 0.1977443330380666, "neighbor_correlation_index": 0.9459731352795525, "echo_chamber_effect": 0.9626703170737566}
{"step": 5, "polarization": 0.19789824192459712, "neighbor_correlation_index": 0.9620923519256945, "echo_chamber_effect": 0.9759898540484484}
{"step": 6, "polarization": 0.1983261403212995, "neighbor_correlation_index": 0.9655056497778995, "echo_chamber_effect": 0.9829789332184696}
{"step": 7, "polarization": 0.1986578750236426, "neighbor_correlation_index": 0.9788809128859046, "echo_chamber_effect": 0.9882308643774558}
{"step": 8, "polarization": 0.1990075849682155, "neighbor_correlation_index": 0.9853827956930219, "echo_chamber_effect": 0.9913362515959536}
{"step": 9, "polarization": 0.1989338821782941, "neighbor_correlation_index": 0.9877832549798573, "echo_chamber_effect": 0.9938703892851858}
{"step": 10, "polarization": 0.19914189465305387, "neighbor_correlation_index": 0.9916582944294444, "echo_chamber_effect": 0.9954630802189207}
{"step": 11, "polarization": 0.19906917878284738, "neighbor_correlation_index": 0.9909958787143427, "echo_chamber_effect": 0.9966583720181407}
{"step": 12, "polarization": 0.19905994915945688, "neighbor_correlation_index": 0.9907709872277799, "echo_chamber_effect": 0.9975461316044352}
{"step": 13, "polarization": 0.1991162357337621, "neighbor_correlation_index": 0.989587430824544, "echo_chamber_effect": 0.9981906302748504}
{"step": 14, "polarization": 0.19915935421948752, "neighbor_correlation_index": 0.9934247829402196, "echo_chamber_effect": 0.9986577253519099}
{"step": 15, "polarization": 0.19917258850581476, "neighbor_correlation_index": 0.9935221052820574, "echo_chamber_effect": 0.9990027795126605}
{"step": 16, "polarization": 0.19920334421424302, "neighbor_correlation_index": 0.9901454959238113, "echo_chamber_effect": 0.9992654642814542}
{"step": 17, "polarization": 0.19921193578144458, "neighbor_correlation_index": 0.9934323465796352, "echo_chamber_effect": 0.9994551507555892}
{"step": 18, "polarization": 0.19923473550080434, "neighbor_correlation_index": 0.9934060229742336, "echo_chamber_effect": 0.9995845308770496}
{"step": 19, "polarization": 0.19923918557860248, "neighbor_correlation_index": 0.9954054180262635, "echo_chamber_effect": 0.9996886756773979}
{"step": 20, "polarization": 0.19924572576068922, "neighbor_correlation_index": 0.9889006208089769, "echo_chamber_effect": 0.9997646192418201}
{"step": 21, "polarization": 0.19924352607298293, "neighbor_correlation_index": 0.9934257030764255, "echo_chamber_effect": 0.99982724635879}
{"step": 22, "polarization": 0.1992441251216666, "neighbor_correlation_index": 0.9942826825115548, "echo_chamber_effect": 0.9998701642540957}
{"step": 23, "polarization": 0.19924568075322235, "neighbor_correlation_index": 0.9959449658169308, "echo_chamber_effect": 0.999904181401326}
{"step": 24, "polarization": 0.199246001954373, "neighbor_correlation_index": 0.9917430820060879, "echo_chamber_effect": 0.9999281535043766}
{"step": 25, "polarization": 0.199249035222845, "neighbor_correlation_index": 0.9925006977158446, "echo_chamber_effect": 0.9999450520363394}
{"step": 26, "polarization": 0.19924947569186005, "neighbor_correlation_index": 0.992523998014247, "echo_chamber_effect": 0.9999596140280588}
{"step": 27, "polarization": 0.19924985838958165, "neighbor_correlation_index": 0.992895166558592, "echo_chamber_effect": 0.9999696446397139}
{"step": 28, "polarization": 0.19925050409226805, "neighbor_correlation_index": 0.9938632151736299, "echo_chamber_effect": 0.9999777516519799}
{"step": 29, "polarization": 0.1992509855150079, "neighbor_correlation_index": 0.9898682447452541, "echo_chamber_effect": 0.9999827049972234}
{"step": 30, "polarization": 0.19925104897737697, "neighbor_correlation_index": 0.9932814473239672, "echo_chamber_effect": 0.9999868817210055}
{"step": 1, "polarization": 0.1848022956485292, "neighbor_correlation_index": 0.8059585327778765, "echo_chamber_effect": 0.768226956028237}
{"step": 2, "polarization": 0.19001429645381296, "neighbor_correlation_index": 0.9014108334002964, "echo_chamber_effect": 0.890618258435463}
{"step": 3, "polarization": 0.1965126208790906, "neighbor_correlation_index": 0.904704721527599, "echo_chamber_effect": 0.9397496096198951}
{"step": 4, "polarization": 0.1977443330380666, "neighbor_correlation_index": 0.9459731352795525, "echo_chamber_effect": 0.9626703170737566}
{"step": 5, "polarization": 0.19789824192459712, "neighbor_correlation_index": 0.9620923519256945, "echo_chamber_effect": 0.9759898540484484}
{"step": 6, "polarization": 0.1983261403212995, "neighbor_correlation_index": 0.9655056497778995, "echo_chamber_effect": 0.9829789332184696}
{"step": 7, "polarization": 0.1986578750236426, "neighbor_correlation_index": 0.9788809128859046, "echo_chamber_effect": 0.9882308643774558}
{"step": 8, "polarization": 0.1990075849682155, "neighbor_correlation_index": 0.9853827956930219, "echo_chamber_effect": 0.9913362515959536}
{"step": 9, "polarization": 0.1989338821782941, "neighbor_correlation_index": 0.9877832549798573, "echo_chamber_effect": 0.9938703892851858}
{"step": 10, "polarization": 0.19914189465305387, "neighbor_correlation_index": 0.9916582944294444, "echo_chamber_effect": 0.9954630802189207}
{"step": 11, "polarization": 0.19906917878284738, "neighbor_correlation_index": 0.9909958787143427, "echo_chamber_effect": 0.9966583720181407}
{"step": 12, "polarization": 0.19905994915945688, "neighbor_correlation_index": 0.9907709872277799, "echo_chamber_effect": 0.9975461316044352}
{"step": 13, "polarization": 0.1991162357337621, "neighbor_correlation_index": 0.989587430824544, "echo_chamber_effect": 0.9981906302748504}
{"step": 14, "polarization": 0.19915935421948752, "neighbor_correlation_index": 0.9934247829402196, "echo_chamber_effect": 0.9986577253519099}
{"step": 15, "polarization": 0.19917258850581476, "neighbor_correlation_index": 0.9935221052820574, "echo_chamber_effect": 0.9990027795126605}
{"step": 16, "polarization": 0.19920334421424302, "neighbor_correlation_index": 0.9901454959238113, "echo_chamber_effect": 0.9992654642814542}
{"step": 17, "polarization": 0.19921193578144458, "neighbor_correlation_index": 0.9934323465796352, "echo_chamber_effect": 0.9994551507555892}
{"step": 18, "polarization": 0.19923473550080434, "neighbor_correlation_index": 0.9934060229742336, "echo_chamber_effect": 0.9995845308770496}
{"step": 19, "polarization": 0.19923918557860248, "neighbor_correlation_index": 0.9954054180262635, "echo_chamber_effect": 0.9996886756773979}
{"step": 20, "polarization": 0.19924572576068922, "neighbor_correlation_index": 0.9889006208089769, "echo_chamber_effect": 0.9997646192418201}
{"step": 21, "polarization": 0.19924352607298293, "neighbor_correlation_index": 0.9934257030764255, "echo_chamber_effect": 0.99982724635879}
{"step": 22, "polarization": 0.1992441251216666, "neighbor_correlation_index": 0.9942826825115548, "echo_chamber_effect": 0.9998701642540957}
{"step": 23, "polarization": 0.19924568075322235, "neighbor_correlation_index": 0.9959449658169308, "echo_chamber_effect": 0.999904181401326}
{"step": 24, "polarization": 0.199246001954373, "neighbor_correlation_index": 0.9917430820060879, "echo_chamber_effect": 0.9999281535043766}
{"step": 25, "polarization": 0.199249035222845, "neighbor_correlation_index": 0.9925006977158446, "echo_chamber_effect": 0.9999450520363394}
{"step": 26, "polarization": 0.19924947569186005, "neighbor_correlation_index": 0.992523998014247, "echo_chamber_effect": 0.9999596140280588}
{"step": 27, "polarization": 0.19924985838958165,