{"step": 1, "polarization": 0.08706004886437871, "neighbor_correlation_index": 0.4688155186509992, "echo_chamber_effect": 0.44987376266933343}
{"step": 2, "polarization": 0.060171630476472185, "neighbor_correlation_index": 0.37195349336546496, "echo_chamber_effect": 0.4271548686348758}
{"step": 3, "polarization": 0.050994017850528914, "neighbor_correlation_index": 0.382280883133396, "echo_chamber_effect": 0.4326379369807236}
{"step": 4, "polarization": 0.048352296773840245, "neighbor_correlation_index": 0.3779433718667508, "echo_chamber_effect": 0.4313876454566857}
{"step": 5, "polarization": 0.04720668976158002, "neighbor_correlation_index": 0.3785339850007704, "echo_chamber_effect": 0.4318963868729597}
{"step": 6, "polarization": 0.046898793091455, "neighbor_correlation_index": 0.37856945057215136, "echo_chamber_effect": 0.43189533497376087}
{"step": 7, "polarization": 0.04678256267700294, "neighbor_correlation_index": 0.37847944569270175, "echo_chamber_effect": 0.4318836217900595}
{"step": 8, "polarization": 0.0467485891262886, "neighbor_correlation_index": 0.37846751680459995, "echo_chamber_effect": 0.43188761707049195}
{"step": 9, "polarization": 0.046737065309961585, "neighbor_correlation_index": 0.37845968271200753, "echo_chamber_effect": 0.4318852988975114}
{"step": 10, "polarization": 0.04673388400023556, "neighbor_correlation_index": 0.3784611423649839, "echo_chamber_effect": 0.4318864531570097}
{"step": 11, "polarization": 0.04673247532904019, "neighbor_correlation_index": 0.37846025913221987, "echo_chamber_effect": 0.43188622269602595}
{"step": 12, "polarization": 0.046732078398204174, "neighbor_correlation_index": 0.37846018217036725, "echo_chamber_effect": 0.43188625612562165}
{"step": 13, "polarization": 0.04673196029707653, "neighbor_correlation_index": 0.37846005216937684, "echo_chamber_effect": 0.43188624359131084}
{"step": 14, "polarization": 0.046731919827923275, "neighbor_correlation_index": 0.3784600625895365, "echo_chamber_effect": 0.4318862515090223}
{"step": 15, "polarization": 0.04673190567354044, "neighbor_correlation_index": 0.3784600558549354, "echo_chamber_effect": 0.4318862493888269}
{"step": 16, "polarization": 0.04673190119991966, "neighbor_correlation_index": 0.3784600570004722, "echo_chamber_effect": 0.43188624987066515}
{"step": 17, "polarization": 0.046731899452960884, "neighbor_correlation_index": 0.37846005578229824, "echo_chamber_effect": 0.43188624983730295}
{"step": 18, "polarization": 0.046731899013709714, "neighbor_correlation_index": 0.3784600556977003, "echo_chamber_effect": 0.43188624981038637}
{"step": 19, "polarization": 0.046731898827392086, "neighbor_correlation_index": 0.3784600556348389, "echo_chamber_effect": 0.43188624978985957}
{"step": 20, "polarization": 0.0467318987805915, "neighbor_correlation_index": 0.37846005566603347, "echo_chamber_effect": 0.43188624980757206}
{"step": 21, "polarization": 0.04673189875871296, "neighbor_correlation_index": 0.3784600556540284, "echo_chamber_effect": 0.431886249807339}
{"step": 22, "polarization": 0.04673189875176677, "neighbor_correlation_index": 0.3784600556513413, "echo_chamber_effect": 0.43188624980764}
{"step": 23, "polarization": 0.04673189874947159, "neighbor_correlation_index": 0.378460055651779, "echo_chamber_effect": 0.4318862498082719}
{"step": 24, "polarization": 0.04673189874871911, "neighbor_correlation_index": 0.3784600556512503, "echo_chamber_effect": 0.4318862498081675}
{"step": 25, "polarization": 0.046731898748522446, "neighbor_correlation_index": 0.3784600556512725, "echo_chamber_effect": 0.4318862498081995}
{"step": 26, "polarization": 0.04673189874845672, "neighbor_correlation_index": 0.37846005565126634, "echo_chamber_effect": 0.4318862498082057}
{"step": 27, "polarization": 0.0467318987484347, "neighbor_correlation_index": 0.3784600556512543, "echo_chamber_effect": 0.43188624980820484}
{"step": 28, "polarization": 0.04673189874842711, "neighbor_correlation_index": 0.37846005565125257, "echo_chamber_effect": 0.4318862498082051}
{"step": 29, "polarization": 0.04673189874842469, "neighbor_correlation_index": 0.3784600556512529, "echo_chamber_effect": 0.43188624980820584}
{"step": 30, "polarization": 0.04673189874842401, "neighbor_correlation_index": 0.37846005565125235, "echo_chamber_effect": 0.4318862498082058}
{"step": 1, "polarization": 0.08706004886437871, "neighbor_correlation_index": 0.4688155186509992, "echo_chamber_effect": 0.44987376266933343}
{"step": 2, "polarization": 0.060171630476472185, "neighbor_correlation_index": 0.37195349336546496, "echo_chamber_effect": 0.4271548686348758}
{"step": 3, "polarization": 0.050994017850528914, "neighbor_correlation_index": 0.382280883133396, "echo_chamber_effect": 0.4326379369807236}
{"step": 4, "polarization": 0.048352296773840245, "neighbor_correlation_index": 0.3779433718667508, "echo_chamber_effect": 0.4313876454566857}
{"step": 5, "polarization": 0.04720668976158002, "neighbor_correlation_index": 0.3785339850007704, "echo_chamber_effect": 0.4318963868729597}
{"step": 6, "polarization": 0.046898793091455, "neighbor_correlation_index": 0.37856945057215136, "echo_chamber_effect": 0.43189533497376087}
{"step": 7, "polarization": 0.04678256267700294, "neighbor_correlation_index": 0.37847944569270175, "echo_chamber_effect": 0.4318836217900595}
{"step": 8, "polarization": 0.0467485891262886, "neighbor_correlation_index": 0.37846751680459995, "echo_chamber_effect": 0.43188761707049195}
{"step": 9, "polarization": 0.046737065309961585, "neighbor_correlation_index": 0.37845968271200753, "echo_chamber_effect": 0.4318852988975114}
{"step": 10, "polarization": 0.04673388400023556, "neighbor_correlation_index": 0.3784611423649839, "echo_chamber_effect": 0.4318864531570097}
{"step": 11, "polarization": 0.04673247532904019, "neighbor_correlation_index": 0.37846025913221987, "echo_chamber_effect": 0.43188622269602595}
{"step": 12, "polarization": 0.046732078398204174, "neighbor_correlation_index": 0.37846018217036725, "echo_chamber_effect": 0.43188625612562165}
{"step": 13, "polarization": 0.04673196029707653, "neighbor_correlation_index": 0.37846005216937684, "echo_chamber_effect": 0.43188624359131084}
{"step": 14, "polarization": 0.046731919827923275, "neighbor_correlation_index": 0.3784600625895365, "echo_chamber_effect": 0.4318862515090223}
{"step": 15, "polarization": 0.04673190567354044, "neighbor_correlation_index": 0.3784600558549354, "echo_chamber_effect": 0.4318862493888269}
{"step": 16, "polarization": 0.04673190119991966, "neighbor_correlation_index": 0.3784600570004722, "echo_chamber_effect": 0.43188624987066515}
{"step": 17, "polarization": 0.046731899452960884, "neighbor_correlation_index": 0.37846005578229824, "echo_chamber_effect": 0.43188624983730295}
{"step": 18, "polarization": 0.046731899013709714, "neighbor_correlation_index": 0.3784600556977003, "echo_chamber_effect": 0.43188624981038637}
{"step": 19, "polarization": 0.046731898827392086, "neighbor_correlation_index": 0.3784600556348389, "echo_chamber_effect": 0.43188624978985957}
{"step": 20, "polarization": 0.0467318987805915, "neighbor_correlation_index": 0.37846005566603347, "echo_chamber_effect": 0.43188624980757206}
{"step": 21, "polarization": 0.04673189875871296, "neighbor_correlation_index": 0.3784600556540284, "echo_chamber_effect": 0.431886249807339}
{"step": 22, "polarization": 0.04673189875176677, "neighbor_correlation_index": 0.3784600556513413, "echo_chamber_effect": 0.43188624980764}
{"step": 23, "polarization": 0.04673189874947159, "neighbor_correlation_index": 0.378460055651779, "echo_chamber_effect": 0.4318862498082719}
{"step": 24, "polarization": 0.04673189874871911, "neighbor_correlation_index": 0.3784600556512503, "echo_chamber_effect": 0.4318862498081675}
{"step": 25, "polarization": 0.046731898748522446, "neighbor_correlation_index": 0.3784600556512725, "echo_chamber_effect": 0.4318862498081995}
{"step": 26, "polarization": 0.04673189874845672, "neighbor_correlation_index": 0.37846005565126634,