{"step": 1, "polarization": 0.09219313271604937, "neighbor_correlation_index": 0.37759899091520516, "echo_chamber_effect": 0.3939257716049386}
{"step": 2, "polarization": 0.10433315445816184, "neighbor_correlation_index": 0.4155763879671671, "echo_chamber_effect": 0.4793541712219933}
{"step": 3, "polarization": 0.10275897420238427, "neighbor_correlation_index": 0.44128150708120634, "echo_chamber_effect": 0.5401159633633984}
{"step": 4, "polarization": 0.1105063377180031, "neighbor_correlation_index": 0.39838010496133214, "echo_chamber_effect": 0.553741614640584}
{"step": 5, "polarization": 0.11184283152876244, "neighbor_correlation_index": 0.3731796909996848, "echo_chamber_effect": 0.5576563867224542}
{"step": 6, "polarization": 0.11349323379914568, "neighbor_correlation_index": 0.34927806250847016, "echo_chamber_effect": 0.55814282121419}
{"step": 7, "polarization": 0.11334023930174066, "neighbor_correlation_index": 0.3366247248905297, "echo_chamber_effect": 0.5598068362642166}
{"step": 8, "polarization": 0.11373380584658115, "neighbor_correlation_index": 0.330759625239589, "echo_chamber_effect": 0.5614994575038915}
{"step": 9, "polarization": 0.11465707971295087, "neighbor_correlation_index": 0.32303477451055146, "echo_chamber_effect": 0.5614544833783504}
{"step": 10, "polarization": 0.1151517076607918, "neighbor_correlation_index": 0.3160899817473797, "echo_chamber_effect": 0.5618411219576437}
{"step": 11, "polarization": 0.1153203389645817, "neighbor_correlation_index": 0.3136850218979433, "echo_chamber_effect": 0.5619124998319602}
{"step": 12, "polarization": 0.11557134283025172, "neighbor_correlation_index": 0.31077151998798, "echo_chamber_effect": 0.5619654633846075}
{"step": 13, "polarization": 0.11565479792693109, "neighbor_correlation_index": 0.3082500367701464, "echo_chamber_effect": 0.5623734796654438}
{"step": 14, "polarization": 0.11583028375294874, "neighbor_correlation_index": 0.30642787680277944, "echo_chamber_effect": 0.5622729305055283}
{"step": 15, "polarization": 0.11584797573629566, "neighbor_correlation_index": 0.30539341044433044, "echo_chamber_effect": 0.5624686700621676}
{"step": 16, "polarization": 0.1158692362818133, "neighbor_correlation_index": 0.3042861930754564, "echo_chamber_effect": 0.5625739666396102}
{"step": 17, "polarization": 0.11587735887476723, "neighbor_correlation_index": 0.3033820391960238, "echo_chamber_effect": 0.5626522438901681}
{"step": 18, "polarization": 0.11593371012443901, "neighbor_correlation_index": 0.3025507301572187, "echo_chamber_effect": 0.5627094828882317}
{"step": 19, "polarization": 0.11593028149668676, "neighbor_correlation_index": 0.30197643310703487, "echo_chamber_effect": 0.5627539516938119}
{"step": 20, "polarization": 0.11591501013667506, "neighbor_correlation_index": 0.30158130446511683, "echo_chamber_effect": 0.5627911178415204}
{"step": 21, "polarization": 0.1159543860962237, "neighbor_correlation_index": 0.30121524588215026, "echo_chamber_effect": 0.562774141308938}
{"step": 22, "polarization": 0.11596766758820427, "neighbor_correlation_index": 0.3009327623995823, "echo_chamber_effect": 0.5627945451292009}
{"step": 23, "polarization": 0.11598646931556997, "neighbor_correlation_index": 0.30067104150235097, "echo_chamber_effect": 0.562816581129795}
{"step": 24, "polarization": 0.11597695081375216, "neighbor_correlation_index": 0.3004753112047016, "echo_chamber_effect": 0.5628310736083677}
{"step": 25, "polarization": 0.11597508263314196, "neighbor_correlation_index": 0.3003340271448464, "echo_chamber_effect": 0.5628452574975762}
{"step": 26, "polarization": 0.11598409272336059, "neighbor_correlation_index": 0.30019954052915687, "echo_chamber_effect": 0.5628503221975419}
{"step": 27, "polarization": 0.11598645622288783, "neighbor_correlation_index": 0.30009300337609013, "echo_chamber_effect": 0.562856231543372}
{"step": 28, "polarization": 0.11598856365542648, "neighbor_correlation_index": 0.3000081284558133, "echo_chamber_effect": 0.5628632194676543}
{"step": 29, "polarization": 0.11599214859380819, "neighbor_correlation_index": 0.2999301116333128, "echo_chamber_effect": 0.5628694831302519}
{"step": 30, "polarization": 0.11599673057237334, "neighbor_correlation_index": 0.2998786936976635, "echo_chamber_effect": 0.5628772802189463}
{"step": 1, "polarization": 0.09219313271604937, "neighbor_correlation_index": 0.37759899091520516, "echo_chamber_effect": 0.3939257716049386}
{"step": 2, "polarization": 0.10433315445816184, "neighbor_correlation_index": 0.4155763879671671, "echo_chamber_effect": 0.4793541712219933}
{"step": 3, "polarization": 0.10275897420238427, "neighbor_correlation_index": 0.44128150708120634, "echo_chamber_effect": 0.5401159633633984}
{"step": 4, "polarization": 0.1105063377180031, "neighbor_correlation_index": 0.39838010496133214, "echo_chamber_effect": 0.553741614640584}
{"step": 5, "polarization": 0.11184283152876244, "neighbor_correlation_index": 0.3731796909996848, "echo_chamber_effect": 0.5576563867224542}
{"step": 6, "polarization": 0.11349323379914568, "neighbor_correlation_index": 0.34927806250847016, "echo_chamber_effect": 0.55814282121419}
{"step": 7, "polarization": 0.11334023930174066, "neighbor_correlation_index": 0.3366247248905297, "echo_chamber_effect": 0.5598068362642166}
{"step": 8, "polarization": 0.11373380584658115, "neighbor_correlation_index": 0.330759625239589, "echo_chamber_effect": 0.5614994575038915}
{"step": 9, "polarization": 0.11465707971295087, "neighbor_correlation_index": 0.32303477451055146, "echo_chamber_effect": 0.5614544833783504}
{"step": 10, "polarization": 0.1151517076607918, "neighbor_correlation_index": 0.3160899817473797, "echo_chamber_effect": 0.5618411219576437}
{"step": 11, "polarization": 0.1153203389645817, "neighbor_correlation_index": 0.3136850218979433, "echo_chamber_effect": 0.5619124998319602}
{"step": 12, "polarization": 0.11557134283025172, "neighbor_correlation_index": 0.31077151998798, "echo_chamber_effect": 0.5619654633846075}
{"step": 13, "polarization": 0.11565479792693109, "neighbor_correlation_index": 0.3082500367701464, "echo_chamber_effect": 0.5623734796654438}
{"step": 14, "polarization": 0.11583028375294874, "neighbor_correlation_index": 0.30642787680277944, "echo_chamber_effect": 0.5622729305055283}
{"step": 15, "polarization": 0.11584797573629566, "neighbor_correlation_index": 0.30539341044433044, "echo_chamber_effect": 0.5624686700621676}
{"step": 16, "polarization": 0.1158692362818133, "neighbor_correlation_index": 0.3042861930754564, "echo_chamber_effect": 0.5625739666396102}
{"step": 17, "polarization": 0.11587735887476723, "neighbor_correlation_index": 0.3033820391960238, "echo_chamber_effect": 0.5626522438901681}
{"step": 18, "polarization": 0.11593371012443901, "neighbor_correlation_index": 0.3025507301572187, "echo_chamber_effect": 0.5627094828882317}
{"step": 19, "polarization": 0.11593028149668676, "neighbor_correlation_index": 0.30197643310703487, "echo_chamber_effect": 0.5627539516938119}
{"step": 20, "polarization": 0.11591501013667506, "neighbor_correlation_index": 0.30158130446511683, "echo_chamber_effect": 0.5627911178415204}
{"step": 21, "polarization": 0.1159543860962237, "neighbor_correlation_index": 0.30121524588215026, "echo_chamber_effect": 0.562774141308938}
{"step": 22, "polarization": 0.11596766758820427, "neighbor_correlation_index": 0.3009327623995823, "echo_chamber_effect": 0.5627945451292009}
{"step": 23, "polarization": 0.11598646931556997, "neighbor_correlation_index": 0.30067104150235097, "echo_chamber_effect": 0.562816581129795}
{"step": 24, "polarization": 0.11597695081375216, "neighbor_correlation_index": 0.3004753112047016, "echo_chamber_effect": 0.5628310736083677}
{"step": 25, "polarization": 0.11597508263314196, "neighbor_correlation_index": 0.3003340271448464, "echo_chamber_effect": 0.5628452574975762}
{"step": 26, "polarization": 0.11598409272336059, "neighbor_correlation_index": 0.30019954052915687, "echo_chamber_effect": 0.5628503221975419}
{"step": 27,