{"step": 1, "polarization": 0.19333196331669922, "modularity": 0.0, "echo_chamber_effect": 0.6337756701403334, "social_cost": 2021.138948752841, "poa": 10.073503016585395}
{"step": 2, "polarization": 8.052143411774224e-05, "modularity": 0.0, "echo_chamber_effect": 0.9996715130876491, "social_cost": 691.0379634856592, "poa": 3.444183297760533}
{"step": 3, "polarization": 3.3536623955746225e-08, "modularity": 0.0, "echo_chamber_effect": 0.9999998631158504, "social_cost": 693.1927492709052, "poa": 3.454922906297177}
{"step": 4, "polarization": 1.3967773409278938e-11, "modularity": 0.0, "echo_chamber_effect": 0.9999999999429886, "social_cost": 693.1383658324385, "poa": 3.4546518552980436}
{"step": 5, "polarization": 5.817481635903759e-15, "modularity": 0.0, "echo_chamber_effect": 0.9999999999999762, "social_cost": 693.1394713635782, "poa": 3.454657365345375}
{"step": 6, "polarization": 2.4229411029745704e-18, "modularity": 0.0, "echo_chamber_effect": 1.0, "social_cost": 693.1394487999127, "poa": 3.4546572528864306}
{"step": 7, "polarization": 1.0091381914440695e-21, "modularity": 0.0, "echo_chamber_effect": 1.0, "social_cost": 693.1394492603952, "poa": 3.454657255181509}
{"step": 8, "polarization": 4.203003329466437e-25, "modularity": 0.0, "echo_chamber_effect": 1.0, "social_cost": 693.1394492509974, "poa": 3.4546572551346695}
{"step": 9, "polarization": 1.7511546523104119e-28, "modularity": 0.0, "echo_chamber_effect": 1.0, "social_cost": 693.139449251189, "poa": 3.4546572551356247}
{"step": 10, "polarization": 7.367452409258932e-32, "modularity": 0.0, "echo_chamber_effect": 1.0, "social_cost": 693.1394492511853, "poa": 3.454657255135606}
{"step": 11, "polarization": 1.887411345499491e-34, "modularity": 0.0, "echo_chamber_effect": 1.0, "social_cost": 693.1394492511854, "poa": 3.4546572551356065}
{"step": 12, "polarization": 0.0, "modularity": 0.0, "echo_chamber_effect": 1.0, "social_cost": 693.1394492511854, "poa": 3.4546572551356065}
{"step": 13, "polarization": 0.0, "modularity": 0.0, "echo_chamber_effect": 1.0, "social_cost": 693.1394492511854, "poa": 3.4546572551356065}
{"step": 14, "polarization": 0.0, "modularity": 0.0, "echo_chamber_effect": 1.0, "social_cost": 693.1394492511854, "poa": 3.4546572551356065}
{"step": 15, "polarization": 0.0, "modularity": 0.0, "echo_chamber_effect": 1.0, "social_cost": 693.1394492511854, "poa": 3.4546572551356065}
{"step": 16, "polarization": 0.0, "modularity": 0.0, "echo_chamber_effect": 1.0, "social_cost": 693.1394492511854, "poa": 3.4546572551356065}
{"step": 17, "polarization": 0.0, "modularity": 0.0, "echo_chamber_effect": 1.0, "social_cost": 693.1394492511854, "poa": 3.4546572551356065}
{"step": 18, "polarization": 0.0, "modularity": 0.0, "echo_chamber_effect": 1.0, "social_cost": 693.1394492511854, "poa": 3.4546572551356065}
{"step": 19, "polarization": 0.0, "modularity": 0.0, "echo_chamber_effect": 1.0, "social_cost": 693.1394492511854, "poa": 3.4546572551356065}
{"step": 20, "polarization": 0.0, "modularity": 0.0, "echo_chamber_effect": 1.0, "social_cost": 693.1394492511854, "poa": 3.4546572551356065}
{"step": 21, "polarization": 0.0, "modularity": 0.0, "echo_chamber_effect": 1.0, "social_cost": 693.1394492511854, "poa": 3.4546572551356065}
{"step": 22, "polarization": 0.0, "modularity": 0.0, "echo_chamber_effect": 1.0, "social_cost": 693.1394492511854, "poa": 3.4546572551356065}
{"step": 23, "polarization": 0.0, "modularity": 0.0, "echo_chamber_effect": 1.0, "social_cost": 693.1394492511854, "poa": 3.4546572551356065}
{"step": 24, "polarization": 0.0, "modularity": 0.0, "echo_chamber_effect": 1.0, "social_cost": 693.1394492511854, "poa": 3.4546572551356065}
{"step": 25, "polarization": 0.0, "modularity": 0.0, "echo_chamber_effect": 1.0, "social_cost": 693.1394492511854, "poa": 3.4546572551356065}
{"step": 26, "polarization": 0.0, "modularity": 0.0, "echo_chamber_effect": 1.0, "social_cost": 693.1394492511854, "poa": 3.4546572551356065}
{"step": 27, "polarization": 0.0, "modularity": 0.0, "echo_chamber_effect": 1.0, "social_cost": 693.1394492511854, "poa": 3.4546572551356065}
{"step": 28, "polarization": 0.0, "modularity": 0.0, "echo_chamber_effect": 1.0, "social_cost": 693.1394492511854, "poa": 3.4546572551356065}
{"step": 29, "polarization": 0.0, "modularity": 0.0, "echo_chamber_effect": 1.0, "social_cost": 693.1394492511854, "poa": 3.4546572551356065}
{"step": 30, "polarization": 0.0, "modularity": 0.0, "echo_chamber_effect": 1.0, "social_cost": 693.1394492511854, "poa": 3.4546572551356065}
