{"step": 1, "polarization": 0.12203967701247163, "modularity": 0.9120370370370369, "echo_chamber_effect": 0.9964375160147165, "social_cost": 14.138462174072542, "poa": 1.0451141566352669}
{"step": 2, "polarization": 0.10793632369614514, "modularity": 0.9159183673469388, "echo_chamber_effect": 0.9988734697571524, "social_cost": 13.550937097616643, "poa": 1.0016843431787297}
{"step": 3, "polarization": 0.10246895195578229, "modularity": 0.9159183673469385, "echo_chamber_effect": 0.9999829956073124, "social_cost": 13.316556693435116, "poa": 0.9843589597365888}
{"step": 4, "polarization": 0.10221025014172336, "modularity": 0.9159183673469385, "echo_chamber_effect": 0.9999886637382082, "social_cost": 13.314139943156956, "poa": 0.9841803137213674}
{"step": 5, "polarization": 0.10221025014172336, "modularity": 0.9159183673469387, "echo_chamber_effect": 0.9999886637382082, "social_cost": 13.308054386586821, "poa": 0.9837304697960418}
{"step": 6, "polarization": 0.10221025014172336, "modularity": 0.9159183673469388, "echo_chamber_effect": 0.9999886637382082, "social_cost": 13.314139943156956, "poa": 0.9841803137213674}
{"step": 7, "polarization": 0.10221025014172336, "modularity": 0.9159183673469388, "echo_chamber_effect": 0.9999886637382082, "social_cost": 13.308054386586821, "poa": 0.9837304697960418}
{"step": 8, "polarization": 0.10221025014172336, "modularity": 0.9159183673469385, "echo_chamber_effect": 0.9999886637382082, "social_cost": 13.314139943156956, "poa": 0.9841803137213674}
{"step": 9, "polarization": 0.10221025014172336, "modularity": 0.9159183673469385, "echo_chamber_effect": 0.9999886637382082, "social_cost": 13.308054386586821, "poa": 0.9837304697960418}
{"step": 10, "polarization": 0.10221025014172336, "modularity": 0.9159183673469388, "echo_chamber_effect": 0.9999886637382082, "social_cost": 13.314139943156956, "poa": 0.9841803137213674}
{"step": 11, "polarization": 0.10221025014172336, "modularity": 0.9159183673469388, "echo_chamber_effect": 0.9999886637382082, "social_cost": 13.308054386586821, "poa": 0.9837304697960418}
{"step": 12, "polarization": 0.10221025014172336, "modularity": 0.9159183673469388, "echo_chamber_effect": 0.9999886637382082, "social_cost": 13.314139943156956, "poa": 0.9841803137213674}
{"step": 13, "polarization": 0.10221025014172336, "modularity": 0.9159183673469387, "echo_chamber_effect": 0.9999886637382082, "social_cost": 13.308054386586821, "poa": 0.9837304697960418}
{"step": 14, "polarization": 0.10221025014172336, "modularity": 0.9159183673469388, "echo_chamber_effect": 0.9999886637382082, "social_cost": 13.314139943156956, "poa": 0.9841803137213674}
{"step": 15, "polarization": 0.10221025014172336, "modularity": 0.9159183673469388, "echo_chamber_effect": 0.9999886637382082, "social_cost": 13.308054386586821, "poa": 0.9837304697960418}
{"step": 16, "polarization": 0.10221025014172336, "modularity": 0.9159183673469387, "echo_chamber_effect": 0.9999886637382082, "social_cost": 13.314139943156956, "poa": 0.9841803137213674}
{"step": 17, "polarization": 0.10221025014172336, "modularity": 0.9159183673469387, "echo_chamber_effect": 0.9999886637382082, "social_cost": 13.308054386586821, "poa": 0.9837304697960418}
{"step": 18, "polarization": 0.10221025014172336, "modularity": 0.9159183673469385, "echo_chamber_effect": 0.9999886637382082, "social_cost": 13.314139943156956, "poa": 0.9841803137213674}
{"step": 19, "polarization": 0.10221025014172336, "modularity": 0.9159183673469388, "echo_chamber_effect": 0.9999886637382082, "social_cost": 13.308054386586821, "poa": 0.9837304697960418}
{"step": 20, "polarization": 0.10221025014172336, "modularity": 0.9159183673469387, "echo_chamber_effect": 0.9999886637382082, "social_cost": 13.314139943156956, "poa": 0.9841803137213674}
{"step": 21, "polarization": 0.10221025014172336, "modularity": 0.9159183673469387, "echo_chamber_effect": 0.9999886637382082, "social_cost": 13.308054386586821, "poa": 0.9837304697960418}
{"step": 22, "polarization": 0.10221025014172336, "modularity": 0.9159183673469388, "echo_chamber_effect": 0.9999886637382082, "social_cost": 13.314139943156956, "poa": 0.9841803137213674}
{"step": 23, "polarization": 0.10221025014172336, "modularity": 0.9159183673469385, "echo_chamber_effect": 0.9999886637382082, "social_cost": 13.308054386586821, "poa": 0.9837304697960418}
{"step": 24, "polarization": 0.10221025014172336, "modularity": 0.9159183673469385, "echo_chamber_effect": 0.9999886637382082, "social_cost": 13.314139943156956, "poa": 0.9841803137213674}
{"step": 25, "polarization": 0.10221025014172336, "modularity": 0.9159183673469387, "echo_chamber_effect": 0.9999886637382082, "social_cost": 13.308054386586821, "poa": 0.9837304697960418}
{"step": 26, "polarization": 0.10221025014172336, "modularity": 0.9159183673469388, "echo_chamber_effect": 0.9999886637382082, "social_cost": 13.314139943156956, "poa": 0.9841803137213674}
{"step": 27, "polarization": 0.10221025014172336, "modularity": 0.9159183673469387, "echo_chamber_effect": 0.9999886637382082, "social_cost": 13.308054386586821, "poa": 0.9837304697960418}
{"step": 28, "polarization": 0.10221025014172336, "modularity": 0.9159183673469388, "echo_chamber_effect": 0.9999886637382082, "social_cost": 13.314139943156956, "poa": 0.9841803137213674}
{"step": 29, "polarization": 0.10221025014172336, "modularity": 0.9159183673469388, "echo_chamber_effect": 0.9999886637382082, "social_cost": 13.308054386586821, "poa": 0.9837304697960418}
{"step": 30, "polarization": 0.10221025014172336, "modularity": 0.9159183673469385, "echo_chamber_effect": 0.9999886637382082, "social_cost": 13.314139943156956, "poa": 0.9841803137213674}
