{"step": 1, "polarization": 0.1576380454931973, "modularity": 0.5718645489564133, "echo_chamber_effect": 0.9558817005973818, "social_cost": 210.06371760820156, "poa": 2.2403029755127126}
{"step": 2, "polarization": 0.09015527247165533, "modularity": 0.6486484857253085, "echo_chamber_effect": 0.9872259442419058, "social_cost": 184.46566786383934, "poa": 1.9673030131080764}
{"step": 3, "polarization": 0.07721224160046768, "modularity": 0.6837123090656616, "echo_chamber_effect": 0.9958369312548079, "social_cost": 176.89948204440708, "poa": 1.8866105984561976}
{"step": 4, "polarization": 0.07533843117030624, "modularity": 0.7008530053560802, "echo_chamber_effect": 0.9975869408247735, "social_cost": 176.23031167159277, "poa": 1.8794739810792884}
{"step": 5, "polarization": 0.07262100624098271, "modularity": 0.7016881751750865, "echo_chamber_effect": 0.9990438449803869, "social_cost": 174.88632481091153, "poa": 1.8651405312226597}
{"step": 6, "polarization": 0.07060732409728165, "modularity": 0.7016881751750865, "echo_chamber_effect": 0.9992254930048471, "social_cost": 173.8002773468031, "poa": 1.8535579724014921}
{"step": 7, "polarization": 0.06879947277479405, "modularity": 0.7016881751750865, "echo_chamber_effect": 0.9993704725453678, "social_cost": 172.79214943060512, "poa": 1.842806415702071}
{"step": 8, "polarization": 0.06721322812611161, "modularity": 0.7016881751750865, "echo_chamber_effect": 0.9994885457407888, "social_cost": 171.8949245328945, "poa": 1.8332376256657341}
{"step": 9, "polarization": 0.06582664869488375, "modularity": 0.7016881751750865, "echo_chamber_effect": 0.9995847056021747, "social_cost": 171.10115619705314, "poa": 1.824772186774617}
{"step": 10, "polarization": 0.0646136127024186, "modularity": 0.7016881751750865, "echo_chamber_effect": 0.9996629424468884, "social_cost": 170.39929757664774, "poa": 1.817286953372168}
{"step": 11, "polarization": 0.06355047161022384, "modularity": 0.7016881751750865, "echo_chamber_effect": 0.9997265433277526, "social_cost": 169.77804922425184, "poa": 1.81066141828095}
{"step": 12, "polarization": 0.06261687188582127, "modularity": 0.7016881751750865, "echo_chamber_effect": 0.9997782108128409, "social_cost": 169.22742888796725, "poa": 1.8047891220472092}
{"step": 13, "polarization": 0.061795460405119504, "modularity": 0.7016881751750865, "echo_chamber_effect": 0.9998201606605629, "social_cost": 168.73877054224502, "poa": 1.7995776426047077}
{"step": 14, "polarization": 0.06107144400699255, "modularity": 0.7013737353699663, "echo_chamber_effect": 0.9998542052524481, "social_cost": 168.3045696971675, "poa": 1.7949469455177807}
{"step": 15, "polarization": 0.0604321855539897, "modularity": 0.7013737353699663, "echo_chamber_effect": 0.9998818242341746, "social_cost": 167.91831878092705, "poa": 1.7908276283562996}
{"step": 16, "polarization": 0.059866861806409315, "modularity": 0.6997621878715814, "echo_chamber_effect": 0.9999042237710276, "social_cost": 167.57436226180647, "poa": 1.7871593755899173}
{"step": 17, "polarization": 0.059366177604968345, "modularity": 0.6997621878715814, "echo_chamber_effect": 0.9999223858938655, "social_cost": 167.26777358655517, "poa": 1.7838896461514189}
{"step": 18, "polarization": 0.05892212865531319, "modularity": 0.6997621878715814, "echo_chamber_effect": 0.9999371093611318, "social_cost": 166.9942512486943, "poa": 1.780972565018342}
{"step": 19, "polarization": 0.05852780373276617, "modularity": 0.6997621878715815, "echo_chamber_effect": 0.9999490433457455, "social_cost": 166.75003119776272, "poa": 1.7783679890686657}
{"step": 20, "polarization": 0.058177219799873774, "modularity": 0.6997621878715814, "echo_chamber_effect": 0.9999587151095992, "social_cost": 166.53181269719929, "poa": 1.7760407163645044}
{"step": 21, "polarization": 0.05786518414312643, "modularity": 0.6997621878715814, "echo_chamber_effect": 0.9999665526755583, "social_cost": 166.33669547814208, "poa": 1.773959815905326}
{"step": 22, "polarization": 0.05758717885717096, "modularity": 0.6997621878715814, "echo_chamber_effect": 0.9999729033600556, "social_cost": 166.16212632048726, "poa": 1.772098057921702}
{"step": 23, "polarization": 0.05733926381195554, "modularity": 0.6997621878715814, "echo_chamber_effect": 0.9999780488951838, "social_cost": 166.00585351358788, "poa": 1.7704314282044207}
{"step": 24, "polarization": 0.05711799493809873, "modularity": 0.6997621878715814, "echo_chamber_effect": 0.9999822177503697, "social_cost": 165.86588792972066, "poa": 1.7689387129579355}
{"step": 25, "polarization": 0.05692035523176566, "modularity": 0.6997621878715815, "echo_chamber_effect": 0.9999855951607582, "social_cost": 165.7404696575373, "poa": 1.7676011429503433}
{"step": 26, "polarization": 0.05674369634297767, "modularity": 0.6997621878715814, "echo_chamber_effect": 0.9999883312816321, "social_cost": 165.62803932274292, "poa": 1.766402087652048}
{"step": 27, "polarization": 0.05658568898906705, "modularity": 0.6997621878715814, "echo_chamber_effect": 0.9999905478141291, "social_cost": 165.5272133706662, "poa": 1.7653267916274977}
{"step": 28, "polarization": 0.05644428074380633, "modularity": 0.6997621878715815, "echo_chamber_effect": 0.9999923433856297, "social_cost": 165.43676270668024, "poa": 1.764362146737975}
{"step": 29, "polarization": 0.05631766000541132, "modularity": 0.6997621878715814, "echo_chamber_effect": 0.999993797916771, "social_cost": 165.35559419032805, "poa": 1.7634964947787877}
{"step": 30, "polarization": 0.05620422515355095, "modularity": 0.6997621878715814, "echo_chamber_effect": 0.9999949761645689, "social_cost": 165.2827345614116, "poa": 1.7627194560530388}
