{"step": 1, "polarization": 0.10891203703703704, "neighbor_correlation_index": 0.0321766753950314, "echo_chamber_effect": 0.341052737520129}
{"step": 2, "polarization": 0.09212039073216736, "neighbor_correlation_index": 0.13167745868228767, "echo_chamber_effect": 0.4128392247420529}
{"step": 3, "polarization": 0.08696155085572142, "neighbor_correlation_index": 0.1706617703017423, "echo_chamber_effect": 0.45305590353925296}
{"step": 4, "polarization": 0.08607624660751, "neighbor_correlation_index": 0.1884825928536688, "echo_chamber_effect": 0.4853068312520388}
{"step": 5, "polarization": 0.08702297207700395, "neighbor_correlation_index": 0.1893009067826473, "echo_chamber_effect": 0.5071296931564225}
{"step": 6, "polarization": 0.07756089497946723, "neighbor_correlation_index": 0.19190113733933017, "echo_chamber_effect": 0.5411818696329778}
{"step": 7, "polarization": 0.06719525765503309, "neighbor_correlation_index": 0.24405674260817656, "echo_chamber_effect": 0.5932936782309003}
{"step": 8, "polarization": 0.07107382796353436, "neighbor_correlation_index": 0.2283479808286723, "echo_chamber_effect": 0.6233342687012347}
{"step": 9, "polarization": 0.06313998432421637, "neighbor_correlation_index": 0.23170725422511376, "echo_chamber_effect": 0.6612558339738488}
{"step": 10, "polarization": 0.06197169683140381, "neighbor_correlation_index": 0.18440025104485103, "echo_chamber_effect": 0.7023979807815809}
{"step": 11, "polarization": 0.06515736913393715, "neighbor_correlation_index": 0.12584566522689958, "echo_chamber_effect": 0.7339940658758356}
{"step": 12, "polarization": 0.06744073052562348, "neighbor_correlation_index": 0.1131416660449511, "echo_chamber_effect": 0.7529118355253657}
{"step": 13, "polarization": 0.059326034137418375, "neighbor_correlation_index": 0.11004244859071859, "echo_chamber_effect": 0.7804489918343238}
{"step": 14, "polarization": 0.05552759062416232, "neighbor_correlation_index": 0.07825462001157554, "echo_chamber_effect": 0.7970931164900754}
{"step": 15, "polarization": 0.052846053941693165, "neighbor_correlation_index": 0.02308424624758395, "echo_chamber_effect": 0.8054696428989508}
{"step": 16, "polarization": 0.052811536534778526, "neighbor_correlation_index": -0.028971512262966632, "echo_chamber_effect": 0.8284837173750027}
{"step": 17, "polarization": 0.052198332062106265, "neighbor_correlation_index": -0.03925371700388825, "echo_chamber_effect": 0.8446433857734548}
{"step": 18, "polarization": 0.05306145725875079, "neighbor_correlation_index": -0.03550387067589188, "echo_chamber_effect": 0.8561651668841779}
{"step": 19, "polarization": 0.054111349871863286, "neighbor_correlation_index": -0.017591152838438467, "echo_chamber_effect": 0.862700460673587}
{"step": 20, "polarization": 0.05388251775823443, "neighbor_correlation_index": -0.010502496986626308, "echo_chamber_effect": 0.8663111050260561}
{"step": 21, "polarization": 0.05383412950828917, "neighbor_correlation_index": -0.003946232063291194, "echo_chamber_effect": 0.8680539745692918}
{"step": 22, "polarization": 0.054037623516211566, "neighbor_correlation_index": 0.0017208215173865888, "echo_chamber_effect": 0.8692385630763045}
{"step": 23, "polarization": 0.05407318068997167, "neighbor_correlation_index": 0.003854621990418804, "echo_chamber_effect": 0.8699303373773165}
{"step": 24, "polarization": 0.054279030083552275, "neighbor_correlation_index": 0.006356835270753233, "echo_chamber_effect": 0.8703554451552072}
{"step": 25, "polarization": 0.05431570264799402, "neighbor_correlation_index": 0.008093606948828592, "echo_chamber_effect": 0.8706678778391401}
{"step": 26, "polarization": 0.054396202305579955, "neighbor_correlation_index": 0.008625987556714877, "echo_chamber_effect": 0.8708747290558906}
{"step": 27, "polarization": 0.054412554703796925, "neighbor_correlation_index": 0.009407296128730747, "echo_chamber_effect": 0.8710139583904396}
{"step": 28, "polarization": 0.054419797546021186, "neighbor_correlation_index": 0.009818431128213163, "echo_chamber_effect": 0.8711135794726564}
{"step": 29, "polarization": 0.05443840176371708, "neighbor_correlation_index": 0.010172278008170558, "echo_chamber_effect": 0.871186187925085}
{"step": 30, "polarization": 0.05445504193549409, "neighbor_correlation_index": 0.01038233175546242, "echo_chamber_effect": 0.8712345717109862}
{"step": 1, "polarization": 0.10891203703703704, "neighbor_correlation_index": 0.0321766753950314, "echo_chamber_effect": 0.341052737520129}
{"step": 2, "polarization": 0.09212039073216736, "neighbor_correlation_index": 0.13167745868228767, "echo_chamber_effect": 0.4128392247420529}
{"step": 3, "polarization": 0.08696155085572142, "neighbor_correlation_index": 0.1706617703017423, "echo_chamber_effect": 0.45305590353925296}
{"step": 4, "polarization": 0.08607624660751, "neighbor_correlation_index": 0.1884825928536688, "echo_chamber_effect": 0.4853068312520388}
{"step": 5, "polarization": 0.08702297207700395, "neighbor_correlation_index": 0.1893009067826473, "echo_chamber_effect": 0.5071296931564225}
{"step": 6, "polarization": 0.07756089497946723, "neighbor_correlation_index": 0.19190113733933017, "echo_chamber_effect": 0.5411818696329778}
{"step": 7, "polarization": 0.06719525765503309, "neighbor_correlation_index": 0.24405674260817656, "echo_chamber_effect": 0.5932936782309003}
{"step": 8, "polarization": 0.07107382796353436, "neighbor_correlation_index": 0.2283479808286723, "echo_chamber_effect": 0.6233342687012347}
{"step": 9, "polarization": 0.06313998432421637, "neighbor_correlation_index": 0.23170725422511376, "echo_chamber_effect": 0.6612558339738488}
{"step": 10, "polarization": 0.06197169683140381, "neighbor_correlation_index": 0.18440025104485103, "echo_chamber_effect": 0.7023979807815809}
{"step": 11, "polarization": 0.06515736913393715, "neighbor_correlation_index": 0.12584566522689958, "echo_chamber_effect": 0.7339940658758356}
{"step": 12, "polarization": 0.06744073052562348, "neighbor_correlation_index": 0.1131416660449511, "echo_chamber_effect": 0.7529118355253657}
{"step": 13, "polarization": 0.059326034137418375, "neighbor_correlation_index": 0.11004244859071859, "echo_chamber_effect": 0.7804489918343238}
{"step": 14, "polarization": 0.05552759062416232, "neighbor_correlation_index": 0.07825462001157554, "echo_chamber_effect": 0.7970931164900754}
{"step": 15, "polarization": 0.052846053941693165, "neighbor_correlation_index": 0.02308424624758395, "echo_chamber_effect": 0.8054696428989508}
{"step": 16, "polarization": 0.052811536534778526, "neighbor_correlation_index": -0.028971512262966632, "echo_chamber_effect": 0.8284837173750027}
{"step": 17, "polarization": 0.052198332062106265, "neighbor_correlation_index": -0.03925371700388825, "echo_chamber_effect": 0.8446433857734548}
{"step": 18, "polarization": 0.05306145725875079, "neighbor_correlation_index": -0.03550387067589188, "echo_chamber_effect": 0.8561651668841779}
{"step": 19, "polarization": 0.054111349871863286, "neighbor_correlation_index": -0.017591152838438467, "echo_chamber_effect": 0.862700460673587}
{"step": 20, "polarization": 0.05388251775823443, "neighbor_correlation_index": -0.010502496986626308, "echo_chamber_effect": 0.8663111050260561}
{"step": 21, "polarization": 0.05383412950828917, "neighbor_correlation_index": -0.003946232063291194, "echo_chamber_effect": 0.8680539745692918}
{"step": 22, "polarization": 0.054037623516211566, "neighbor_correlation_index": 0.0017208215173865888, "echo_chamber_effect": 0.8692385630763045}
{"step": 23, "polarization": 0.05407318068997167, "neighbor_correlation_index": 0.003854621990418804, "echo_chamber_effect": 0.8699303373773165}
{"step": 24, "polarization": 0.054279030083552275, "neighbor_correlation_index": 0.006356835270753233, "echo_chamber_effect": 0.8703554451552072}
{"step": 25, "polarization": 0.05431570264799402, "neighbor_correlation_index": 0.008093606948828592, "echo_chamber_effect": 0.8706678778391401}
{"step": 26, "polarization": 0.054396202305579955,