{"step": 1, "polarization": 0.1576380454931973, "modularity": 0.3557635275754423, "echo_chamber_effect": 0.8981408141399286, "social_cost": 458.5882795332966, "poa": 3.344243785307731}
{"step": 2, "polarization": 0.05434310711628401, "modularity": 0.38263815539779167, "echo_chamber_effect": 0.9712440774484706, "social_cost": 353.05087037819584, "poa": 2.5746148165002127}
{"step": 3, "polarization": 0.030140591684847125, "modularity": 0.3861949544797839, "echo_chamber_effect": 0.9863341143178964, "social_cost": 325.8238334564421, "poa": 2.3760623172723996}
{"step": 4, "polarization": 0.019191840260731903, "modularity": 0.3899989371877989, "echo_chamber_effect": 0.9921598846295812, "social_cost": 311.33099561725766, "poa": 2.2703736526504197}
{"step": 5, "polarization": 0.012964126427962817, "modularity": 0.3899989371877989, "echo_chamber_effect": 0.994568277053224, "social_cost": 304.30035082698924, "poa": 2.219102847887399}
{"step": 6, "polarization": 0.008911928574038334, "modularity": 0.3899989371877989, "echo_chamber_effect": 0.9962484228332446, "social_cost": 300.399167984312, "poa": 2.1906535676523045}
{"step": 7, "polarization": 0.006282920059911006, "modularity": 0.3899989371877989, "echo_chamber_effect": 0.9972849086241021, "social_cost": 298.2826618200937, "poa": 2.175218998340032}
{"step": 8, "polarization": 0.00448397513862925, "modularity": 0.3899989371877989, "echo_chamber_effect": 0.9980123627891682, "social_cost": 297.14087287248014, "poa": 2.16689253043275}
{"step": 9, "polarization": 0.003218902404661286, "modularity": 0.3899989371877989, "echo_chamber_effect": 0.9985458806126685, "social_cost": 296.55293235188674, "poa": 2.1626049886008345}
{"step": 10, "polarization": 0.0023175296142542968, "modularity": 0.3899989371877989, "echo_chamber_effect": 0.9989395406514593, "social_cost": 296.29203927609507, "poa": 2.1607024322419277}
{"step": 11, "polarization": 0.001671136068770748, "modularity": 0.3899989371877989, "echo_chamber_effect": 0.9992288631193301, "social_cost": 296.22587802701014, "poa": 2.1602199529550483}
{"step": 12, "polarization": 0.0012060459693729688, "modularity": 0.3899989371877989, "echo_chamber_effect": 0.9994404440964539, "social_cost": 296.2738932689463, "poa": 2.1605701029296807}
{"step": 13, "polarization": 0.0008708054728638842, "modularity": 0.37447305820281374, "echo_chamber_effect": 0.9995945628292574, "social_cost": 296.3859640698367, "poa": 2.1613873764975384}
{"step": 14, "polarization": 0.0006289205251783074, "modularity": 0.35956560503536805, "echo_chamber_effect": 0.9997065158299628, "social_cost": 296.5306547314022, "poa": 2.1624425295996303}
{"step": 15, "polarization": 0.0004542952810156689, "modularity": 0.35357547737981365, "echo_chamber_effect": 0.9997876898643054, "social_cost": 296.6883123773813, "poa": 2.1635922441176474}
{"step": 16, "polarization": 0.0003281860971741278, "modularity": 0.35357547737981365, "echo_chamber_effect": 0.9998464760282632, "social_cost": 296.84684065414586, "poa": 2.1647483076893224}
{"step": 17, "polarization": 0.00023709654452324126, "modularity": 0.35357547737981365, "echo_chamber_effect": 0.9998890154435117, "social_cost": 296.9990355820029, "poa": 2.165858185469363}
{"step": 18, "polarization": 0.00017129465206258972, "modularity": 0.35357547737981365, "echo_chamber_effect": 0.9999197823831646, "social_cost": 297.14086939616953, "poa": 2.16689250508184}
{"step": 19, "polarization": 0.00012375715821057921, "modularity": 0.35357547737981365, "echo_chamber_effect": 0.9999420272470506, "social_cost": 297.2703672614341, "poa": 2.1678368650893884}
{"step": 20, "polarization": 8.941317561552728e-05, "modularity": 0.35357547737981365, "echo_chamber_effect": 0.9999581069244642, "social_cost": 297.3868640541887, "poa": 2.1686864150944047}
{"step": 21, "polarization": 6.460043679274572e-05, "modularity": 0.35357547737981365, "echo_chamber_effect": 0.9999697283475188, "social_cost": 297.49050977465464, "poa": 2.169442248969825}
{"step": 22, "polarization": 4.6673568023973674e-05, "modularity": 0.35357547737981365, "echo_chamber_effect": 0.9999781267547229, "social_cost": 297.58194020609307, "poa": 2.1701090031494936}
{"step": 23, "polarization": 3.3721547695272786e-05, "modularity": 0.35357547737981365, "echo_chamber_effect": 0.9999841955751362, "social_cost": 297.6620586675767, "poa": 2.170693265065602}
{"step": 24, "polarization": 2.436377350157271e-05, "modularity": 0.3432824364379259, "echo_chamber_effect": 0.9999885807896266, "social_cost": 297.73189299056054, "poa": 2.171202530153837}
{"step": 25, "polarization": 1.7602807354527408e-05, "modularity": 0.35357547737981365, "echo_chamber_effect": 0.9999917493573033, "social_cost": 297.79250358616775, "poa": 2.171644531436315}
{"step": 26, "polarization": 1.2718020238656524e-05, "modularity": 0.35357547737981365, "echo_chamber_effect": 0.9999940387753004, "social_cost": 297.84492617841215, "poa": 2.172026821905015}
{"step": 27, "polarization": 9.188766190599648e-06, "modularity": 0.35357547737981365, "echo_chamber_effect": 0.9999956929453684, "social_cost": 297.8901379388886, "poa": 2.1723565275598347}
{"step": 28, "polarization": 6.6388821141906885e-06, "modularity": 0.35357547737981365, "echo_chamber_effect": 0.9999968881169691, "social_cost": 297.9290392654808, "poa": 2.1726402145302663}
{"step": 29, "polarization": 4.796591707635433e-06, "modularity": 0.3425976356005511, "echo_chamber_effect": 0.9999977516458438, "social_cost": 297.9624458578294, "poa": 2.17288383128594}
{"step": 30, "polarization": 3.465537362408403e-06, "modularity": 0.3425976356005511, "echo_chamber_effect": 0.9999983755538594, "social_cost": 297.9910873710099, "poa": 2.173092698818606}
