{"step": 1, "polarization": 0.12834024256214066, "neighbor_correlation_index": 0.9478409658056637, "echo_chamber_effect": 0.7930070267118214}
{"step": 2, "polarization": 0.128432141805539, "neighbor_correlation_index": 0.9884173356460704, "echo_chamber_effect": 0.8726467111701929}
{"step": 3, "polarization": 0.130489372612425, "neighbor_correlation_index": 0.9939571190530857, "echo_chamber_effect": 0.9067572891485183}
{"step": 4, "polarization": 0.13050399959150805, "neighbor_correlation_index": 0.9963857798864038, "echo_chamber_effect": 0.9279076418216772}
{"step": 5, "polarization": 0.1304118899748227, "neighbor_correlation_index": 0.9970246109347489, "echo_chamber_effect": 0.9446678236470469}
{"step": 6, "polarization": 0.13035009095394556, "neighbor_correlation_index": 0.9971160412806602, "echo_chamber_effect": 0.956317896568232}
{"step": 7, "polarization": 0.1303173426291535, "neighbor_correlation_index": 0.9972063621457018, "echo_chamber_effect": 0.9658499662406661}
{"step": 8, "polarization": 0.1305170167880018, "neighbor_correlation_index": 0.9975750564540709, "echo_chamber_effect": 0.9718136622725896}
{"step": 9, "polarization": 0.1304369810338574, "neighbor_correlation_index": 0.9974136990586668, "echo_chamber_effect": 0.977464823699085}
{"step": 10, "polarization": 0.1303546093826091, "neighbor_correlation_index": 0.9973812099669631, "echo_chamber_effect": 0.9811333483139066}
{"step": 11, "polarization": 0.13016850426975923, "neighbor_correlation_index": 0.9973466962049048, "echo_chamber_effect": 0.9847451644623781}
{"step": 12, "polarization": 0.13058894788152245, "neighbor_correlation_index": 0.9976548732369924, "echo_chamber_effect": 0.9875837511999053}
{"step": 13, "polarization": 0.13044570017871748, "neighbor_correlation_index": 0.9978908861356517, "echo_chamber_effect": 0.9897830117991913}
{"step": 14, "polarization": 0.13055051585011201, "neighbor_correlation_index": 0.9975838052451087, "echo_chamber_effect": 0.9918269602156758}
{"step": 15, "polarization": 0.1305647108331464, "neighbor_correlation_index": 0.9979585345941476, "echo_chamber_effect": 0.9933399837431387}
{"step": 16, "polarization": 0.1306339466432669, "neighbor_correlation_index": 0.998036968341767, "echo_chamber_effect": 0.9944421671265907}
{"step": 17, "polarization": 0.13067816660012446, "neighbor_correlation_index": 0.9979101410417776, "echo_chamber_effect": 0.9955898047706595}
{"step": 18, "polarization": 0.13065565047984154, "neighbor_correlation_index": 0.9978704260290753, "echo_chamber_effect": 0.9963381687904238}
{"step": 19, "polarization": 0.13065282269052095, "neighbor_correlation_index": 0.9977487793487446, "echo_chamber_effect": 0.9970718613072429}
{"step": 20, "polarization": 0.13072103433633556, "neighbor_correlation_index": 0.9974231900008447, "echo_chamber_effect": 0.9975389721201199}
{"step": 21, "polarization": 0.13074303322781655, "neighbor_correlation_index": 0.9981797496296247, "echo_chamber_effect": 0.9979884589007615}
{"step": 22, "polarization": 0.13078657230162652, "neighbor_correlation_index": 0.9977221292346696, "echo_chamber_effect": 0.99831741691159}
{"step": 23, "polarization": 0.13079090721078598, "neighbor_correlation_index": 0.9980373761399709, "echo_chamber_effect": 0.9986380978590647}
{"step": 24, "polarization": 0.13079863836931335, "neighbor_correlation_index": 0.9981058956208924, "echo_chamber_effect": 0.9988675708281842}
{"step": 25, "polarization": 0.13080153584550858, "neighbor_correlation_index": 0.9976649099825832, "echo_chamber_effect": 0.999073236009108}
{"step": 26, "polarization": 0.1308064644908361, "neighbor_correlation_index": 0.9980498265730984, "echo_chamber_effect": 0.9992377884330259}
{"step": 27, "polarization": 0.13080832787229849, "neighbor_correlation_index": 0.9978127508502397, "echo_chamber_effect": 0.9993616237453502}
{"step": 28, "polarization": 0.13081185305485155, "neighbor_correlation_index": 0.9980296390994681, "echo_chamber_effect": 0.9994805927385063}
{"step": 29, "polarization": 0.1308162636577926, "neighbor_correlation_index": 0.9983149173342991, "echo_chamber_effect": 0.9995677169434026}
{"step": 30, "polarization": 0.1308161432015202, "neighbor_correlation_index": 0.9981011082057103, "echo_chamber_effect": 0.9996373298235688}
{"step": 1, "polarization": 0.12834024256214066, "neighbor_correlation_index": 0.9478409658056637, "echo_chamber_effect": 0.7930070267118214}
{"step": 2, "polarization": 0.128432141805539, "neighbor_correlation_index": 0.9884173356460704, "echo_chamber_effect": 0.8726467111701929}
{"step": 3, "polarization": 0.130489372612425, "neighbor_correlation_index": 0.9939571190530857, "echo_chamber_effect": 0.9067572891485183}
{"step": 4, "polarization": 0.13050399959150805, "neighbor_correlation_index": 0.9963857798864038, "echo_chamber_effect": 0.9279076418216772}
{"step": 5, "polarization": 0.1304118899748227, "neighbor_correlation_index": 0.9970246109347489, "echo_chamber_effect": 0.9446678236470469}
{"step": 6, "polarization": 0.13035009095394556, "neighbor_correlation_index": 0.9971160412806602, "echo_chamber_effect": 0.956317896568232}
{"step": 7, "polarization": 0.1303173426291535, "neighbor_correlation_index": 0.9972063621457018, "echo_chamber_effect": 0.9658499662406661}
{"step": 8, "polarization": 0.1305170167880018, "neighbor_correlation_index": 0.9975750564540709, "echo_chamber_effect": 0.9718136622725896}
{"step": 9, "polarization": 0.1304369810338574, "neighbor_correlation_index": 0.9974136990586668, "echo_chamber_effect": 0.977464823699085}
{"step": 10, "polarization": 0.1303546093826091, "neighbor_correlation_index": 0.9973812099669631, "echo_chamber_effect": 0.9811333483139066}
{"step": 11, "polarization": 0.13016850426975923, "neighbor_correlation_index": 0.9973466962049048, "echo_chamber_effect": 0.9847451644623781}
{"step": 12, "polarization": 0.13058894788152245, "neighbor_correlation_index": 0.9976548732369924, "echo_chamber_effect": 0.9875837511999053}
{"step": 13, "polarization": 0.13044570017871748, "neighbor_correlation_index": 0.9978908861356517, "echo_chamber_effect": 0.9897830117991913}
{"step": 14, "polarization": 0.13055051585011201, "neighbor_correlation_index": 0.9975838052451087, "echo_chamber_effect": 0.9918269602156758}
{"step": 15, "polarization": 0.1305647108331464, "neighbor_correlation_index": 0.9979585345941476, "echo_chamber_effect": 0.9933399837431387}
{"step": 16, "polarization": 0.1306339466432669, "neighbor_correlation_index": 0.998036968341767, "echo_chamber_effect": 0.9944421671265907}
{"step": 17, "polarization": 0.13067816660012446, "neighbor_correlation_index": 0.9979101410417776, "echo_chamber_effect": 0.9955898047706595}
{"step": 18, "polarization": 0.13065565047984154, "neighbor_correlation_index": 0.9978704260290753, "echo_chamber_effect": 0.9963381687904238}
{"step": 19, "polarization": 0.13065282269052095, "neighbor_correlation_index": 0.9977487793487446, "echo_chamber_effect": 0.9970718613072429}
{"step": 20, "polarization": 0.13072103433633556, "neighbor_correlation_index": 0.9974231900008447, "echo_chamber_effect": 0.9975389721201199}
{"step": 21, "polarization": 0.13074303322781655, "neighbor_correlation_index": 0.9981797496296247, "echo_chamber_effect": 0.9979884589007615}
{"step": 22, "polarization": 0.13078657230162652, "neighbor_correlation_index": 0.9977221292346696, "echo_chamber_effect": 0.99831741691159}
{"step": 23, "polarization": 0.13079090721078598, "neighbor_correlation_index": 0.9980373761399709, "echo_chamber_effect": 0.9986380978590647}
{"step": 24, "polarization": 0.13079863836931335, "neighbor_correlation_index": 0.9981058956208924, "echo_chamber_effect": 0.9988675708281842}
{"step": 25, "polarization": 0.13080153584550858, "neighbor_correlation_index": 0.9976649099825832, "echo_chamber_effect": 0.999073236009108}
{"step": 26, "polarization": 0.1308064644908361, "neighbor_correlation_index": 0.9980498265730984, "echo_chamber_effect": 0.9992377884330259}
{"step": 27,