{"step": 1, "polarization": 0.10105338452190489, "neighbor_correlation_index": 0.4551530849654234, "echo_chamber_effect": 0.5437371325519396}
{"step": 2, "polarization": 0.08510254845084372, "neighbor_correlation_index": 0.34023799087569406, "echo_chamber_effect": 0.5389881630370568}
{"step": 3, "polarization": 0.08024892926637463, "neighbor_correlation_index": 0.3359837842610067, "echo_chamber_effect": 0.5422789344822941}
{"step": 4, "polarization": 0.0784557911815267, "neighbor_correlation_index": 0.33527847461199795, "echo_chamber_effect": 0.5427756490845431}
{"step": 5, "polarization": 0.07764219255393237, "neighbor_correlation_index": 0.3345250126331591, "echo_chamber_effect": 0.542955964707639}
{"step": 6, "polarization": 0.07737305225610792, "neighbor_correlation_index": 0.3343556525196873, "echo_chamber_effect": 0.5429744556551219}
{"step": 7, "polarization": 0.0772810752622989, "neighbor_correlation_index": 0.3343006093475432, "echo_chamber_effect": 0.5429715893648667}
{"step": 8, "polarization": 0.07725108384485273, "neighbor_correlation_index": 0.33429941517915984, "echo_chamber_effect": 0.5429732178876766}
{"step": 9, "polarization": 0.0772374695006797, "neighbor_correlation_index": 0.33428923716133746, "echo_chamber_effect": 0.5429734497542802}
{"step": 10, "polarization": 0.0772334725101163, "neighbor_correlation_index": 0.33428842333197395, "echo_chamber_effect": 0.5429745813313587}
{"step": 11, "polarization": 0.07723184152694555, "neighbor_correlation_index": 0.33428745449129027, "echo_chamber_effect": 0.5429745079479817}
{"step": 12, "polarization": 0.07723125408472727, "neighbor_correlation_index": 0.334287099066104, "echo_chamber_effect": 0.5429746588299628}
{"step": 13, "polarization": 0.07723103936547877, "neighbor_correlation_index": 0.3342869581025789, "echo_chamber_effect": 0.5429746619268102}
{"step": 14, "polarization": 0.07723096785020038, "neighbor_correlation_index": 0.3342869584017428, "echo_chamber_effect": 0.542974683610435}
{"step": 15, "polarization": 0.07723093790389111, "neighbor_correlation_index": 0.33428694022348077, "echo_chamber_effect": 0.5429746821085033}
{"step": 16, "polarization": 0.07723092803075449, "neighbor_correlation_index": 0.3342869356469889, "echo_chamber_effect": 0.5429746834704218}
{"step": 17, "polarization": 0.07723092464133846, "neighbor_correlation_index": 0.33428693228755824, "echo_chamber_effect": 0.5429746831801827}
{"step": 18, "polarization": 0.07723092332211853, "neighbor_correlation_index": 0.3342869320621582, "echo_chamber_effect": 0.5429746835124374}
{"step": 19, "polarization": 0.07723092287821101, "neighbor_correlation_index": 0.3342869318293372, "echo_chamber_effect": 0.5429746834992651}
{"step": 20, "polarization": 0.07723092270954919, "neighbor_correlation_index": 0.3342869317511309, "echo_chamber_effect": 0.5429746835147473}
{"step": 21, "polarization": 0.07723092265317978, "neighbor_correlation_index": 0.33428693173587015, "echo_chamber_effect": 0.5429746835272883}
{"step": 22, "polarization": 0.07723092263221838, "neighbor_correlation_index": 0.33428693172921886, "echo_chamber_effect": 0.5429746835321022}
{"step": 23, "polarization": 0.07723092262550352, "neighbor_correlation_index": 0.3342869317307949, "echo_chamber_effect": 0.5429746835328907}
{"step": 24, "polarization": 0.07723092262308351, "neighbor_correlation_index": 0.3342869317302342, "echo_chamber_effect": 0.542974683533487}
{"step": 25, "polarization": 0.07723092262222499, "neighbor_correlation_index": 0.3342869317295921, "echo_chamber_effect": 0.5429746835334827}
{"step": 26, "polarization": 0.07723092262194658, "neighbor_correlation_index": 0.3342869317294284, "echo_chamber_effect": 0.5429746835335324}
{"step": 27, "polarization": 0.07723092262185244, "neighbor_correlation_index": 0.33428693172940643, "echo_chamber_effect": 0.5429746835335331}
{"step": 28, "polarization": 0.07723092262181817, "neighbor_correlation_index": 0.3342869317293824, "echo_chamber_effect": 0.5429746835335375}
{"step": 29, "polarization": 0.07723092262180556, "neighbor_correlation_index": 0.3342869317293711, "echo_chamber_effect": 0.542974683533537}
{"step": 30, "polarization": 0.07723092262180146, "neighbor_correlation_index": 0.33428693172936996, "echo_chamber_effect": 0.5429746835335373}
{"step": 1, "polarization": 0.10105338452190489, "neighbor_correlation_index": 0.4551530849654234, "echo_chamber_effect": 0.5437371325519396}
{"step": 2, "polarization": 0.08510254845084372, "neighbor_correlation_index": 0.34023799087569406, "echo_chamber_effect": 0.5389881630370568}
{"step": 3, "polarization": 0.08024892926637463, "neighbor_correlation_index": 0.3359837842610067, "echo_chamber_effect": 0.5422789344822941}
{"step": 4, "polarization": 0.0784557911815267, "neighbor_correlation_index": 0.33527847461199795, "echo_chamber_effect": 0.5427756490845431}
{"step": 5, "polarization": 0.07764219255393237, "neighbor_correlation_index": 0.3345250126331591, "echo_chamber_effect": 0.542955964707639}
{"step": 6, "polarization": 0.07737305225610792, "neighbor_correlation_index": 0.3343556525196873, "echo_chamber_effect": 0.5429744556551219}
{"step": 7, "polarization": 0.0772810752622989, "neighbor_correlation_index": 0.3343006093475432, "echo_chamber_effect": 0.5429715893648667}
{"step": 8, "polarization": 0.07725108384485273, "neighbor_correlation_index": 0.33429941517915984, "echo_chamber_effect": 0.5429732178876766}
{"step": 9, "polarization": 0.0772374695006797, "neighbor_correlation_index": 0.33428923716133746, "echo_chamber_effect": 0.5429734497542802}
{"step": 10, "polarization": 0.0772334725101163, "neighbor_correlation_index": 0.33428842333197395, "echo_chamber_effect": 0.5429745813313587}
{"step": 11, "polarization": 0.07723184152694555, "neighbor_correlation_index": 0.33428745449129027, "echo_chamber_effect": 0.5429745079479817}
{"step": 12, "polarization": 0.07723125408472727, "neighbor_correlation_index": 0.334287099066104, "echo_chamber_effect": 0.5429746588299628}
{"step": 13, "polarization": 0.07723103936547877, "neighbor_correlation_index": 0.3342869581025789, "echo_chamber_effect": 0.5429746619268102}
{"step": 14, "polarization": 0.07723096785020038, "neighbor_correlation_index": 0.3342869584017428, "echo_chamber_effect": 0.542974683610435}
{"step": 15, "polarization": 0.07723093790389111, "neighbor_correlation_index": 0.33428694022348077, "echo_chamber_effect": 0.5429746821085033}
{"step": 16, "polarization": 0.07723092803075449, "neighbor_correlation_index": 0.3342869356469889, "echo_chamber_effect": 0.5429746834704218}
{"step": 17, "polarization": 0.07723092464133846, "neighbor_correlation_index": 0.33428693228755824, "echo_chamber_effect": 0.5429746831801827}
{"step": 18, "polarization": 0.07723092332211853, "neighbor_correlation_index": 0.3342869320621582, "echo_chamber_effect": 0.5429746835124374}
{"step": 19, "polarization": 0.07723092287821101, "neighbor_correlation_index": 0.3342869318293372, "echo_chamber_effect": 0.5429746834992651}
{"step": 20, "polarization": 0.07723092270954919, "neighbor_correlation_index": 0.3342869317511309, "echo_chamber_effect": 0.5429746835147473}
{"step": 21, "polarization": 0.07723092265317978, "neighbor_correlation_index": 0.33428693173587015, "echo_chamber_effect": 0.5429746835272883}
{"step": 22, "polarization": 0.07723092263221838, "neighbor_correlation_index": 0.33428693172921886, "echo_chamber_effect": 0.5429746835321022}
{"step": 23, "polarization": 0.07723092262550352, "neighbor_correlation_index": 0.3342869317307949, "echo_chamber_effect": 0.5429746835328907}
{"step": 24, "polarization": 0.07723092262308351, "neighbor_correlation_index": 0.3342869317302342, "echo_chamber_effect": 0.542974683533487}
{"step": 25, "polarization": 0.07723092262222499, "neighbor_correlation_index": 0.3342869317295921, "echo_chamber_effect": 0.5429746835334827}
{"step": 26, "polarization": 0.07723092262194658, "neighbor_correlation_index": 0.3342869317294284,