{"step": 1, "polarization": 0.12203967701247163, "modularity": 0.36245202777069996, "echo_chamber_effect": 0.9212142315782483, "social_cost": 327.7122465993648, "poa": 2.3473564909649234}
{"step": 2, "polarization": 0.04444203844246032, "modularity": 0.3874585745776919, "echo_chamber_effect": 0.9781866641891986, "social_cost": 270.67328774503625, "poa": 1.9387944927669323}
{"step": 3, "polarization": 0.02783722729444444, "modularity": 0.3899989371877989, "echo_chamber_effect": 0.9878748903872995, "social_cost": 269.5738414759726, "poa": 1.930919314579561}
{"step": 4, "polarization": 0.018910077479107636, "modularity": 0.3899989371877989, "echo_chamber_effect": 0.992205191717853, "social_cost": 272.6139823962613, "poa": 1.9526954141813926}
{"step": 5, "polarization": 0.0132850408230216, "modularity": 0.3899989371877989, "echo_chamber_effect": 0.9945148042886427, "social_cost": 274.08770294911517, "poa": 1.9632514661492615}
{"step": 6, "polarization": 0.009496124883677383, "modularity": 0.3899989371877989, "echo_chamber_effect": 0.9959597409957115, "social_cost": 276.0237612041838, "poa": 1.9771191777135397}
{"step": 7, "polarization": 0.006833476368057634, "modularity": 0.3899989371877989, "echo_chamber_effect": 0.9970054979632975, "social_cost": 277.9855786731798, "poa": 1.9911713988853836}
{"step": 8, "polarization": 0.004929548951336467, "modularity": 0.3899989371877989, "echo_chamber_effect": 0.9977914851537728, "social_cost": 279.89938755334293, "poa": 2.004879741322794}
{"step": 9, "polarization": 0.0035593648340060667, "modularity": 0.37258062611447673, "echo_chamber_effect": 0.9983809329268429, "social_cost": 281.7226627783325, "poa": 2.017939603987698}
{"step": 10, "polarization": 0.0025709445055962874, "modularity": 0.3899989371877989, "echo_chamber_effect": 0.9988186687981402, "social_cost": 283.4262437352664, "poa": 2.0301421135327007}
{"step": 11, "polarization": 0.0018572746050493022, "modularity": 0.3899989371877989, "echo_chamber_effect": 0.9991409061749198, "social_cost": 284.9915701641864, "poa": 2.0413543254397406}
{"step": 12, "polarization": 0.0013417977744205906, "modularity": 0.37744637439931283, "echo_chamber_effect": 0.9993766255187281, "social_cost": 286.40984971915833, "poa": 2.0515132613779397}
{"step": 13, "polarization": 0.0009694175158345083, "modularity": 0.35476228433769086, "echo_chamber_effect": 0.9995483245659184, "social_cost": 287.68022178794934, "poa": 2.0606127569035455}
{"step": 14, "polarization": 0.0007003918085871694, "modularity": 0.35357547737981365, "echo_chamber_effect": 0.9996730427808515, "social_cost": 288.80755481142387, "poa": 2.0686876839701775}
{"step": 15, "polarization": 0.0005060280814666257, "modularity": 0.35357547737981365, "echo_chamber_effect": 0.9997634710633813, "social_cost": 289.8004345973828, "poa": 2.0757995415052664}
{"step": 16, "polarization": 0.0003656032255258502, "modularity": 0.35357547737981365, "echo_chamber_effect": 0.9998289596725218, "social_cost": 290.6695629205529, "poa": 2.08202498480818}
{"step": 17, "polarization": 0.00026414746896736706, "modularity": 0.35357547737981365, "echo_chamber_effect": 0.9998763501825246, "social_cost": 291.4265847470271, "poa": 2.087447425124696}
{"step": 18, "polarization": 0.00019084618406247118, "modularity": 0.35357547737981365, "echo_chamber_effect": 0.9999106265935087, "social_cost": 292.0832811885102, "poa": 2.092151248892361}
{"step": 19, "polarization": 0.0001378862149870065, "modularity": 0.35357547737981365, "echo_chamber_effect": 0.9999354094704496, "social_cost": 292.651046034102, "poa": 2.096218068211661}
{"step": 20, "polarization": 9.962272554518578e-05, "modularity": 0.35357547737981365, "echo_chamber_effect": 0.9999533241456725, "social_cost": 293.14057006708936, "poa": 2.099724459651835}
{"step": 21, "polarization": 7.197739173397214e-05, "modularity": 0.35357547737981365, "echo_chamber_effect": 0.9999662720336602, "social_cost": 293.56167163361465, "poa": 2.1027407506381985}
{"step": 22, "polarization": 5.2003653867094566e-05, "modularity": 0.35357547737981365, "echo_chamber_effect": 0.9999756291702167, "social_cost": 293.9232266426848, "poa": 2.105330518052107}
{"step": 23, "polarization": 3.757263496694826e-05, "modularity": 0.35357547737981365, "echo_chamber_effect": 0.9999823908614182, "social_cost": 294.23316373942293, "poa": 2.1075505536576378}
{"step": 24, "polarization": 2.7146226659950778e-05, "modularity": 0.35357547737981365, "echo_chamber_effect": 0.9999872767743632, "social_cost": 294.49850026499206, "poa": 2.1094511216774414}
{"step": 25, "polarization": 1.961314786799063e-05, "modularity": 0.35357547737981365, "echo_chamber_effect": 0.9999908071488292, "social_cost": 294.7254020325295, "poa": 2.1110763869593074}
{"step": 26, "polarization": 1.417049895480673e-05, "modularity": 0.35357547737981365, "echo_chamber_effect": 0.9999933579995913, "social_cost": 294.91925536646875, "poa": 2.1124649309836445}
{"step": 27, "polarization": 1.023818533344063e-05, "modularity": 0.35357547737981365, "echo_chamber_effect": 0.9999952010691714, "social_cost": 295.08474373435234, "poa": 2.1136503007663174}
{"step": 28, "polarization": 7.3970888348164456e-06, "modularity": 0.3425976356005511, "echo_chamber_effect": 0.9999965327281787, "social_cost": 295.2259240378991, "poa": 2.1146615553207804}
{"step": 29, "polarization": 5.344397120408523e-06, "modularity": 0.3425976356005511, "echo_chamber_effect": 0.9999974948720416, "social_cost": 295.3462996241327, "poa": 2.1155237886264664}
{"step": 30, "polarization": 3.861327023561942e-06, "modularity": 0.3425976356005511, "echo_chamber_effect": 0.9999981900332973, "social_cost": 295.44888772803654, "poa": 2.1162586127109897}
