{"step": 1, "polarization": 0.1576380454931973, "modularity": 0.8255621301775148, "echo_chamber_effect": 0.9960124353977043, "social_cost": 39.69547453071061, "poa": 1.5091781952862087}
{"step": 2, "polarization": 0.14583475566893425, "modularity": 0.9047866805411029, "echo_chamber_effect": 0.997782631815886, "social_cost": 39.092532058716316, "poa": 1.4862549869733375}
{"step": 3, "polarization": 0.13893413407029478, "modularity": 0.9047866805411031, "echo_chamber_effect": 0.9994248264506304, "social_cost": 38.254674308223294, "poa": 1.4544005586601716}
{"step": 4, "polarization": 0.13613376204648525, "modularity": 0.9047866805411029, "echo_chamber_effect": 0.9998326184901879, "social_cost": 38.36762994079796, "poa": 1.4586950073279803}
{"step": 5, "polarization": 0.13470091101544784, "modularity": 0.9047866805411031, "echo_chamber_effect": 0.9999435184635584, "social_cost": 38.22005100443699, "poa": 1.4530842188068052}
{"step": 6, "polarization": 0.13391852584679703, "modularity": 0.9047866805411031, "echo_chamber_effect": 0.9999840394416738, "social_cost": 38.254006047522196, "poa": 1.454375152124772}
{"step": 7, "polarization": 0.13350679744189342, "modularity": 0.9047866805411031, "echo_chamber_effect": 0.9999948667636148, "social_cost": 38.21859955968665, "poa": 1.4530290364769611}
{"step": 8, "polarization": 0.13328119005323483, "modularity": 0.9047866805411031, "echo_chamber_effect": 0.9999985767359791, "social_cost": 38.22763680462829, "poa": 1.4533726225701524}
{"step": 9, "polarization": 0.1331618555737277, "modularity": 0.9047866805411029, "echo_chamber_effect": 0.9999995583145584, "social_cost": 38.21891658145165, "poa": 1.453041089295093}
{"step": 10, "polarization": 0.13309688541088838, "modularity": 0.9047866805411031, "echo_chamber_effect": 0.9999998792465198, "social_cost": 38.221217113763686, "poa": 1.4531285529982962}
{"step": 11, "polarization": 0.13306262978693473, "modularity": 0.9047866805411031, "echo_chamber_effect": 0.999999963541284, "social_cost": 38.21904411544786, "poa": 1.45304593799708}
{"step": 12, "polarization": 0.13304414017119157, "modularity": 0.9047866805411031, "echo_chamber_effect": 0.9999999901402583, "social_cost": 38.21962021956261, "poa": 1.4530678408406275}
{"step": 13, "polarization": 0.13303444023070501, "modularity": 0.9047866805411029, "echo_chamber_effect": 0.9999999970866813, "social_cost": 38.21907625381921, "poa": 1.4530471598625405}
{"step": 14, "polarization": 0.13302924655384163, "modularity": 0.9047866805411029, "echo_chamber_effect": 0.9999999992188954, "social_cost": 38.219219681288294, "poa": 1.453052612816851}
{"step": 15, "polarization": 0.1330265348634348, "modularity": 0.9047866805411031, "echo_chamber_effect": 0.9999999997731693, "social_cost": 38.2190832892082, "poa": 1.4530474273402767}
{"step": 16, "polarization": 0.13302509281423658, "modularity": 0.9047866805411029, "echo_chamber_effect": 0.9999999999396059, "social_cost": 38.21911892466076, "poa": 1.453048782160911}
{"step": 17, "polarization": 0.1330243429890348, "modularity": 0.9047866805411029, "echo_chamber_effect": 0.9999999999827086, "social_cost": 38.21908470770091, "poa": 1.4530474812698062}
{"step": 18, "polarization": 0.13302394650277957, "modularity": 0.9047866805411032, "echo_chamber_effect": 0.9999999999954226, "social_cost": 38.219093555332925, "poa": 1.453047817647025}
{"step": 19, "polarization": 0.13302374105254886, "modularity": 0.9047866805411029, "echo_chamber_effect": 0.9999999999987048, "social_cost": 38.21908496982831, "poa": 1.453047491235601}
{"step": 20, "polarization": 0.13302363293222721, "modularity": 0.9047866805411031, "echo_chamber_effect": 0.9999999999996588, "social_cost": 38.21908716596223, "poa": 1.4530475747301925}
{"step": 21, "polarization": 0.13302357706975276, "modularity": 0.9047866805411029, "echo_chamber_effect": 0.9999999999999044, "social_cost": 38.21908501164905, "poa": 1.4530474928255794}
{"step": 22, "polarization": 0.13302354778957562, "modularity": 0.9047866805411031, "echo_chamber_effect": 0.9999999999999748, "social_cost": 38.21908555670293, "poa": 1.4530475135479273}
{"step": 23, "polarization": 0.1330235326988679, "modularity": 0.9047866805411031, "echo_chamber_effect": 0.999999999999993, "social_cost": 38.21908501613106, "poa": 1.4530474929959807}
{"step": 24, "polarization": 0.13302352481626858, "modularity": 0.9045099521289998, "echo_chamber_effect": 0.9999999999999981, "social_cost": 38.21908515139689, "poa": 1.4530474981386383}
{"step": 25, "polarization": 0.13302352081723628, "modularity": 0.9033203125, "echo_chamber_effect": 0.9999999999999994, "social_cost": 38.219085011382475, "poa": 1.4530474928154447}
{"step": 26, "polarization": 0.13302351872954604, "modularity": 0.9033203125, "echo_chamber_effect": 0.9999999999999999, "social_cost": 38.21908505143149, "poa": 1.453047494338064}
{"step": 27, "polarization": 0.13302351769996482, "modularity": 0.9031952662721894, "echo_chamber_effect": 1.0, "social_cost": 38.21908502667357, "poa": 1.4530474933967952}
{"step": 28, "polarization": 0.13302351715632577, "modularity": 0.9031221303948576, "echo_chamber_effect": 1.0, "social_cost": 38.2190850427892, "poa": 1.4530474940094937}
{"step": 29, "polarization": 0.13302351681275418, "modularity": 0.9031221303948576, "echo_chamber_effect": 1.0, "social_cost": 38.21908502621801, "poa": 1.4530474933794753}
{"step": 30, "polarization": 0.13302351666725132, "modularity": 0.903096458008465, "echo_chamber_effect": 1.0, "social_cost": 38.21908503106964, "poa": 1.4530474935639288}
