{"step": 1, "polarization": 0.20812993274185815, "modularity": 0.5368564110021141, "echo_chamber_effect": 0.9574387149402571, "social_cost": 45.23688102533443, "poa": 0.4889797645311642}
{"step": 2, "polarization": 0.30461850860404327, "modularity": 0.5982344641586236, "echo_chamber_effect": 0.9621387214553302, "social_cost": 20.82270105698016, "poa": 0.2250791661353207}
{"step": 3, "polarization": 0.3924136898851261, "modularity": 0.6246862865062618, "echo_chamber_effect": 0.9641946675276428, "social_cost": 13.30041498269694, "poa": 0.14376839514562528}
{"step": 4, "polarization": 0.44396989903702144, "modularity": 0.6373472012386221, "echo_chamber_effect": 0.9615199839854099, "social_cost": 12.449360381158318, "poa": 0.13456907659776918}
{"step": 5, "polarization": 0.4755676774041661, "modularity": 0.6346830985915493, "echo_chamber_effect": 0.9610064676007802, "social_cost": 12.004395514715947, "poa": 0.12975931052446762}
{"step": 6, "polarization": 0.4931909360413097, "modularity": 0.6562416889350439, "echo_chamber_effect": 0.9602265583797175, "social_cost": 12.211029256448768, "poa": 0.13199288003869036}
{"step": 7, "polarization": 0.503506858168635, "modularity": 0.6583313281240106, "echo_chamber_effect": 0.9622489530487512, "social_cost": 11.561429938902448, "poa": 0.12497115541635151}
{"step": 8, "polarization": 0.5114502873294093, "modularity": 0.6606362634718406, "echo_chamber_effect": 0.9635418766736883, "social_cost": 11.18487674700488, "poa": 0.12090087278558365}
{"step": 9, "polarization": 0.5159581245506367, "modularity": 0.6606362634718406, "echo_chamber_effect": 0.9639074331295852, "social_cost": 11.092125483857556, "poa": 0.11989829502633569}
{"step": 10, "polarization": 0.5184432921445389, "modularity": 0.6583313281240106, "echo_chamber_effect": 0.9640983331187992, "social_cost": 11.051750851078602, "poa": 0.11946187284200717}
{"step": 11, "polarization": 0.5198058233811903, "modularity": 0.6606362634718406, "echo_chamber_effect": 0.9641924190388573, "social_cost": 11.034145583552386, "poa": 0.11927157193322754}
{"step": 12, "polarization": 0.5205498433005361, "modularity": 0.6583313281240105, "echo_chamber_effect": 0.9642391903535189, "social_cost": 11.026238702919981, "poa": 0.11918610395793447}
{"step": 13, "polarization": 0.5209552872591579, "modularity": 0.6606362634718406, "echo_chamber_effect": 0.9642624525275781, "social_cost": 11.022648833540378, "poa": 0.11914729992361227}
{"step": 14, "polarization": 0.5211760347938698, "modularity": 0.6606362634718406, "echo_chamber_effect": 0.9642740480207227, "social_cost": 11.021013554153324, "poa": 0.11912962367114967}
{"step": 15, "polarization": 0.5212962138228435, "modularity": 0.6606362634718406, "echo_chamber_effect": 0.9642798384164436, "social_cost": 11.020272017964995, "poa": 0.11912160817179292}
{"step": 16, "polarization": 0.5213616715269013, "modularity": 0.6606362634718406, "echo_chamber_effect": 0.9642827341545254, "social_cost": 11.019939770645966, "poa": 0.11911801680536484}
{"step": 17, "polarization": 0.5213973532296557, "modularity": 0.6606362634718406, "echo_chamber_effect": 0.9642841838269058, "social_cost": 11.019793970527491, "poa": 0.11911644080573833}
{"step": 18, "polarization": 0.5214168239876925, "modularity": 0.6606362634718406, "echo_chamber_effect": 0.9642849100684701, "social_cost": 11.019732082274682, "poa": 0.11911577183602602}
{"step": 19, "polarization": 0.5214274613719143, "modularity": 0.6606362634718406, "echo_chamber_effect": 0.964285274025166, "social_cost": 11.019707203602922, "poa": 0.11911550291458882}
{"step": 20, "polarization": 0.5214332802202496, "modularity": 0.6606362634718406, "echo_chamber_effect": 0.9642854564345301, "social_cost": 11.01969813857849, "poa": 0.11911540492787064}
{"step": 21, "polarization": 0.5214364673939209, "modularity": 0.6606362634718406, "echo_chamber_effect": 0.9642855478366277, "social_cost": 11.019695494353188, "poa": 0.11911537634560246}
{"step": 22, "polarization": 0.521438215401512, "modularity": 0.6606362634718406, "echo_chamber_effect": 0.9642855936157352, "social_cost": 11.01969523255073, "poa": 0.11911537351569683}
{"step": 23, "polarization": 0.5214391753372178, "modularity": 0.6606362634718406, "echo_chamber_effect": 0.964285616528377, "social_cost": 11.019695698158854, "poa": 0.11911537854860241}
{"step": 24, "polarization": 0.5214397031591059, "modularity": 0.6583313281240106, "echo_chamber_effect": 0.9642856279854806, "social_cost": 11.019696266864814, "poa": 0.11911538469592513}
{"step": 25, "polarization": 0.521439993734748, "modularity": 0.6606362634718406, "echo_chamber_effect": 0.9642856337076223, "social_cost": 11.019696740437544, "poa": 0.11911538981492265}
{"step": 26, "polarization": 0.5214401538874701, "modularity": 0.6606362634718406, "echo_chamber_effect": 0.9642856365613496, "social_cost": 11.019697083815885, "poa": 0.11911539352660781}
{"step": 27, "polarization": 0.5214402422539081, "modularity": 0.6606362634718406, "echo_chamber_effect": 0.9642856379820822, "social_cost": 11.019697315538506, "poa": 0.11911539603137097}
{"step": 28, "polarization": 0.5214402910619835, "modularity": 0.6606362634718406, "echo_chamber_effect": 0.9642856386879441, "social_cost": 11.019697465199933, "poa": 0.1191153976491087}
{"step": 29, "polarization": 0.5214403180468486, "modularity": 0.6606362634718406, "echo_chamber_effect": 0.9642856390377904, "social_cost": 11.019697559053261, "poa": 0.11911539866359903}
{"step": 30, "polarization": 0.5214403329798141, "modularity": 0.6606362634718406, "echo_chamber_effect": 0.9642856392106928, "social_cost": 11.019697616681214, "poa": 0.1191153992865178}
