{"step": 1, "polarization": 0.073473544973545, "neighbor_correlation_index": -0.1528121860652796, "echo_chamber_effect": 0.1301868998628258}
{"step": 2, "polarization": 0.06673631739732933, "neighbor_correlation_index": -0.17941150669079106, "echo_chamber_effect": 0.14897086316522506}
{"step": 3, "polarization": 0.06529746956738801, "neighbor_correlation_index": -0.20311640009723603, "echo_chamber_effect": 0.15808603698734064}
{"step": 4, "polarization": 0.06638989871333124, "neighbor_correlation_index": -0.20217595166947844, "echo_chamber_effect": 0.1749480442885292}
{"step": 5, "polarization": 0.0640148412819016, "neighbor_correlation_index": -0.20934696406356484, "echo_chamber_effect": 0.18546556468240502}
{"step": 6, "polarization": 0.06474592723411884, "neighbor_correlation_index": -0.2086211185974297, "echo_chamber_effect": 0.19720230093833044}
{"step": 7, "polarization": 0.0669733966274317, "neighbor_correlation_index": -0.18775304475949395, "echo_chamber_effect": 0.21068606540236776}
{"step": 8, "polarization": 0.07047433801935145, "neighbor_correlation_index": -0.1637814589328865, "echo_chamber_effect": 0.23289691434913629}
{"step": 9, "polarization": 0.06771075064438176, "neighbor_correlation_index": -0.17128681750117242, "echo_chamber_effect": 0.25473720344954826}
{"step": 10, "polarization": 0.07055055602540464, "neighbor_correlation_index": -0.14388877478549897, "echo_chamber_effect": 0.2884915178732668}
{"step": 11, "polarization": 0.05195300166633042, "neighbor_correlation_index": -0.09741228559871677, "echo_chamber_effect": 0.33246767000345784}
{"step": 12, "polarization": 0.04977643178441039, "neighbor_correlation_index": -0.0955306258612736, "echo_chamber_effect": 0.3457041578081989}
{"step": 13, "polarization": 0.050086246117783034, "neighbor_correlation_index": -0.09021199162136143, "echo_chamber_effect": 0.3520915936763145}
{"step": 14, "polarization": 0.06047518819747198, "neighbor_correlation_index": -0.09747601735854329, "echo_chamber_effect": 0.3558932531016379}
{"step": 15, "polarization": 0.05985001309411855, "neighbor_correlation_index": -0.09560892374825493, "echo_chamber_effect": 0.35815979554867033}
{"step": 16, "polarization": 0.05997851831147544, "neighbor_correlation_index": -0.09286619275482708, "echo_chamber_effect": 0.35955206667202505}
{"step": 17, "polarization": 0.05997772469606563, "neighbor_correlation_index": -0.09192462235245231, "echo_chamber_effect": 0.36049367917307856}
{"step": 18, "polarization": 0.06010066436432897, "neighbor_correlation_index": -0.09075969997016456, "echo_chamber_effect": 0.3609504399175043}
{"step": 19, "polarization": 0.06018369146813054, "neighbor_correlation_index": -0.09036670353221606, "echo_chamber_effect": 0.3613593812227578}
{"step": 20, "polarization": 0.06009609157770161, "neighbor_correlation_index": -0.08967665229496548, "echo_chamber_effect": 0.36167978163205444}
{"step": 21, "polarization": 0.0601388843398304, "neighbor_correlation_index": -0.08951327194515919, "echo_chamber_effect": 0.3618588291776547}
{"step": 22, "polarization": 0.0601485470240027, "neighbor_correlation_index": -0.08920812917143972, "echo_chamber_effect": 0.3620161119865864}
{"step": 23, "polarization": 0.060126997503335125, "neighbor_correlation_index": -0.08897629801759692, "echo_chamber_effect": 0.36214963419458485}
{"step": 24, "polarization": 0.060123957102497246, "neighbor_correlation_index": -0.08887504437817922, "echo_chamber_effect": 0.3622153318663188}
{"step": 25, "polarization": 0.06012372468687879, "neighbor_correlation_index": -0.0888284939363424, "echo_chamber_effect": 0.36225005304870606}
{"step": 26, "polarization": 0.0601225716059639, "neighbor_correlation_index": -0.08876074246591674, "echo_chamber_effect": 0.36229332794367614}
{"step": 27, "polarization": 0.060125728759196466, "neighbor_correlation_index": -0.08873926993835893, "echo_chamber_effect": 0.3623070742184207}
{"step": 28, "polarization": 0.0601197096357423, "neighbor_correlation_index": -0.08872072780005542, "echo_chamber_effect": 0.3623236127555433}
{"step": 29, "polarization": 0.06011791875051018, "neighbor_correlation_index": -0.08869203413564257, "echo_chamber_effect": 0.3623391148446668}
{"step": 30, "polarization": 0.060120948160613794, "neighbor_correlation_index": -0.08868502913970049, "echo_chamber_effect": 0.36234499580961405}
{"step": 1, "polarization": 0.073473544973545, "neighbor_correlation_index": -0.1528121860652796, "echo_chamber_effect": 0.1301868998628258}
{"step": 2, "polarization": 0.06673631739732933, "neighbor_correlation_index": -0.17941150669079106, "echo_chamber_effect": 0.14897086316522506}
{"step": 3, "polarization": 0.06529746956738801, "neighbor_correlation_index": -0.20311640009723603, "echo_chamber_effect": 0.15808603698734064}
{"step": 4, "polarization": 0.06638989871333124, "neighbor_correlation_index": -0.20217595166947844, "echo_chamber_effect": 0.1749480442885292}
{"step": 5, "polarization": 0.0640148412819016, "neighbor_correlation_index": -0.20934696406356484, "echo_chamber_effect": 0.18546556468240502}
{"step": 6, "polarization": 0.06474592723411884, "neighbor_correlation_index": -0.2086211185974297, "echo_chamber_effect": 0.19720230093833044}
{"step": 7, "polarization": 0.0669733966274317, "neighbor_correlation_index": -0.18775304475949395, "echo_chamber_effect": 0.21068606540236776}
{"step": 8, "polarization": 0.07047433801935145, "neighbor_correlation_index": -0.1637814589328865, "echo_chamber_effect": 0.23289691434913629}
{"step": 9, "polarization": 0.06771075064438176, "neighbor_correlation_index": -0.17128681750117242, "echo_chamber_effect": 0.25473720344954826}
{"step": 10, "polarization": 0.07055055602540464, "neighbor_correlation_index": -0.14388877478549897, "echo_chamber_effect": 0.2884915178732668}
{"step": 11, "polarization": 0.05195300166633042, "neighbor_correlation_index": -0.09741228559871677, "echo_chamber_effect": 0.33246767000345784}
{"step": 12, "polarization": 0.04977643178441039, "neighbor_correlation_index": -0.0955306258612736, "echo_chamber_effect": 0.3457041578081989}
{"step": 13, "polarization": 0.050086246117783034, "neighbor_correlation_index": -0.09021199162136143, "echo_chamber_effect": 0.3520915936763145}
{"step": 14, "polarization": 0.06047518819747198, "neighbor_correlation_index": -0.09747601735854329, "echo_chamber_effect": 0.3558932531016379}
{"step": 15, "polarization": 0.05985001309411855, "neighbor_correlation_index": -0.09560892374825493, "echo_chamber_effect": 0.35815979554867033}
{"step": 16, "polarization": 0.05997851831147544, "neighbor_correlation_index": -0.09286619275482708, "echo_chamber_effect": 0.35955206667202505}
{"step": 17, "polarization": 0.05997772469606563, "neighbor_correlation_index": -0.09192462235245231, "echo_chamber_effect": 0.36049367917307856}
{"step": 18, "polarization": 0.06010066436432897, "neighbor_correlation_index": -0.09075969997016456, "echo_chamber_effect": 0.3609504399175043}
{"step": 19, "polarization": 0.06018369146813054, "neighbor_correlation_index": -0.09036670353221606, "echo_chamber_effect": 0.3613593812227578}
{"step": 20, "polarization": 0.06009609157770161, "neighbor_correlation_index": -0.08967665229496548, "echo_chamber_effect": 0.36167978163205444}
{"step": 21, "polarization": 0.0601388843398304, "neighbor_correlation_index": -0.08951327194515919, "echo_chamber_effect": 0.3618588291776547}
{"step": 22, "polarization": 0.0601485470240027, "neighbor_correlation_index": -0.08920812917143972, "echo_chamber_effect": 0.3620161119865864}
{"step": 23, "polarization": 0.060126997503335125, "neighbor_correlation_index": -0.08897629801759692, "echo_chamber_effect": 0.36214963419458485}
{"step": 24, "polarization": 0.060123957102497246, "neighbor_correlation_index": -0.08887504437817922, "echo_chamber_effect": 0.3622153318663188}
{"step": 25, "polarization": 0.06012372468687879, "neighbor_correlation_index": -0.0888284939363424, "echo_chamber_effect": 0.36225005304870606}
{"step": 26,