{"step": 1, "polarization": 0.12203967701247163, "modularity": 0.0, "echo_chamber_effect": 0.7031341204467392, "social_cost": 1298.5267295085794, "poa": 6.4498004206654835}
{"step": 2, "polarization": 5.082868680236219e-05, "modularity": 0.0, "echo_chamber_effect": 0.9997925966844372, "social_cost": 696.2603826454255, "poa": 3.4583350552812058}
{"step": 3, "polarization": 2.1169798751506135e-08, "modularity": 0.0, "echo_chamber_effect": 0.9999999135926687, "social_cost": 692.537427579638, "poa": 3.4398430854173876}
{"step": 4, "polarization": 8.817075698235548e-12, "modularity": 0.0, "echo_chamber_effect": 0.9999999999640119, "social_cost": 692.6067364897681, "poa": 3.440187343743038}
{"step": 5, "polarization": 3.672251436750083e-15, "modularity": 0.0, "echo_chamber_effect": 0.999999999999985, "social_cost": 692.6053192443034, "poa": 3.4401803042649997}
{"step": 6, "polarization": 1.529467492164407e-18, "modularity": 0.0, "echo_chamber_effect": 1.0, "social_cost": 692.605348166523, "poa": 3.440180447922069}
{"step": 7, "polarization": 6.3701264683014165e-22, "modularity": 0.0, "echo_chamber_effect": 1.0, "social_cost": 692.6053475762731, "poa": 3.4401804449902893}
{"step": 8, "polarization": 2.653137673466402e-25, "modularity": 0.0, "echo_chamber_effect": 1.0, "social_cost": 692.6053475883193, "poa": 3.440180445050123}
{"step": 9, "polarization": 1.1044019161913133e-28, "modularity": 0.0, "echo_chamber_effect": 1.0, "social_cost": 692.6053475880733, "poa": 3.440180445048901}
{"step": 10, "polarization": 4.682320880794248e-32, "modularity": 0.0, "echo_chamber_effect": 1.0, "social_cost": 692.6053475880783, "poa": 3.440180445048926}
{"step": 11, "polarization": 2.04148574105047e-34, "modularity": 0.0, "echo_chamber_effect": 1.0, "social_cost": 692.6053475880782, "poa": 3.4401804450489255}
{"step": 12, "polarization": 1.925929944387236e-34, "modularity": 0.0, "echo_chamber_effect": 1.0, "social_cost": 692.6053475880782, "poa": 3.4401804450489255}
{"step": 13, "polarization": 1.925929944387236e-34, "modularity": 0.0, "echo_chamber_effect": 1.0, "social_cost": 692.6053475880782, "poa": 3.4401804450489255}
{"step": 14, "polarization": 1.925929944387236e-34, "modularity": 0.0, "echo_chamber_effect": 1.0, "social_cost": 692.6053475880782, "poa": 3.4401804450489255}
{"step": 15, "polarization": 1.925929944387236e-34, "modularity": 0.0, "echo_chamber_effect": 1.0, "social_cost": 692.6053475880782, "poa": 3.4401804450489255}
{"step": 16, "polarization": 1.925929944387236e-34, "modularity": 0.0, "echo_chamber_effect": 1.0, "social_cost": 692.6053475880782, "poa": 3.4401804450489255}
{"step": 17, "polarization": 1.925929944387236e-34, "modularity": 0.0, "echo_chamber_effect": 1.0, "social_cost": 692.6053475880782, "poa": 3.4401804450489255}
{"step": 18, "polarization": 1.925929944387236e-34, "modularity": 0.0, "echo_chamber_effect": 1.0, "social_cost": 692.6053475880782, "poa": 3.4401804450489255}
{"step": 19, "polarization": 1.925929944387236e-34, "modularity": 0.0, "echo_chamber_effect": 1.0, "social_cost": 692.6053475880782, "poa": 3.4401804450489255}
{"step": 20, "polarization": 1.925929944387236e-34, "modularity": 0.0, "echo_chamber_effect": 1.0, "social_cost": 692.6053475880782, "poa": 3.4401804450489255}
{"step": 21, "polarization": 1.925929944387236e-34, "modularity": 0.0, "echo_chamber_effect": 1.0, "social_cost": 692.6053475880782, "poa": 3.4401804450489255}
{"step": 22, "polarization": 1.925929944387236e-34, "modularity": 0.0, "echo_chamber_effect": 1.0, "social_cost": 692.6053475880782, "poa": 3.4401804450489255}
{"step": 23, "polarization": 1.925929944387236e-34, "modularity": 0.0, "echo_chamber_effect": 1.0, "social_cost": 692.6053475880782, "poa": 3.4401804450489255}
{"step": 24, "polarization": 1.925929944387236e-34, "modularity": 0.0, "echo_chamber_effect": 1.0, "social_cost": 692.6053475880782, "poa": 3.4401804450489255}
{"step": 25, "polarization": 1.925929944387236e-34, "modularity": 0.0, "echo_chamber_effect": 1.0, "social_cost": 692.6053475880782, "poa": 3.4401804450489255}
{"step": 26, "polarization": 1.925929944387236e-34, "modularity": 0.0, "echo_chamber_effect": 1.0, "social_cost": 692.6053475880782, "poa": 3.4401804450489255}
{"step": 27, "polarization": 1.925929944387236e-34, "modularity": 0.0, "echo_chamber_effect": 1.0, "social_cost": 692.6053475880782, "poa": 3.4401804450489255}
{"step": 28, "polarization": 1.925929944387236e-34, "modularity": 0.0, "echo_chamber_effect": 1.0, "social_cost": 692.6053475880782, "poa": 3.4401804450489255}
{"step": 29, "polarization": 1.925929944387236e-34, "modularity": 0.0, "echo_chamber_effect": 1.0, "social_cost": 692.6053475880782, "poa": 3.4401804450489255}
{"step": 30, "polarization": 1.925929944387236e-34, "modularity": 0.0, "echo_chamber_effect": 1.0, "social_cost": 692.6053475880782, "poa": 3.4401804450489255}
