{"step": 1, "polarization": 0.1882195616285269, "modularity": 0.0, "echo_chamber_effect": 0.6192013059577157, "social_cost": 1183.9935472693157, "poa": 5.90110965769806}
{"step": 2, "polarization": 0.1598735951838038, "modularity": 0.0, "echo_chamber_effect": 0.6527519495284861, "social_cost": 950.4417021013771, "poa": 4.737070333098405}
{"step": 3, "polarization": 0.1591486452828768, "modularity": 0.0, "echo_chamber_effect": 0.6536891474797166, "social_cost": 948.1192352563089, "poa": 4.725494990005763}
{"step": 4, "polarization": 0.15894925484388195, "modularity": 0.0, "echo_chamber_effect": 0.6539245298745667, "social_cost": 947.5723333930932, "poa": 4.722769191479007}
{"step": 5, "polarization": 0.1588488346858451, "modularity": 0.0, "echo_chamber_effect": 0.6540448486840589, "social_cost": 947.3086305127533, "poa": 4.721454877209706}
{"step": 6, "polarization": 0.15879911477803743, "modularity": 0.0, "echo_chamber_effect": 0.6541046591064622, "social_cost": 947.1813086184535, "poa": 4.7208202956599825}
{"step": 7, "polarization": 0.15877444161308454, "modularity": 0.0, "echo_chamber_effect": 0.654134401772554, "social_cost": 947.1189250385844, "poa": 4.7205093713762345}
{"step": 8, "polarization": 0.15876218738301728, "modularity": 0.0, "echo_chamber_effect": 0.6541491891745254, "social_cost": 947.0881393147129, "poa": 4.720355933097051}
{"step": 9, "polarization": 0.15875609856211767, "modularity": 0.0, "echo_chamber_effect": 0.6541565404604403, "social_cost": 947.0728915846271, "poa": 4.7202799373051185}
{"step": 10, "polarization": 0.15875307253495058, "modularity": 0.0, "echo_chamber_effect": 0.6541601948466919, "social_cost": 947.0653258500924, "poa": 4.7202422291358195}
{"step": 11, "polarization": 0.15875156849827207, "modularity": 0.0, "echo_chamber_effect": 0.6541620114307213, "social_cost": 947.0615684162406, "poa": 4.720223501813155}
{"step": 12, "polarization": 0.15875082090240095, "modularity": 0.0, "echo_chamber_effect": 0.6541629144385559, "social_cost": 947.0597014863541, "poa": 4.720214196899283}
{"step": 13, "polarization": 0.1587504492929705, "modularity": 0.0, "echo_chamber_effect": 0.6541633633131763, "social_cost": 947.0587736691779, "poa": 4.7202095725912265}
{"step": 14, "polarization": 0.1587502645736981, "modularity": 0.0, "echo_chamber_effect": 0.6541635864428569, "social_cost": 947.0583125157772, "poa": 4.720207274169252}
{"step": 15, "polarization": 0.15875017275301898, "modularity": 0.0, "echo_chamber_effect": 0.6541636973575342, "social_cost": 947.0580832957335, "poa": 4.72020613171994}
{"step": 16, "polarization": 0.1587501271104387, "modularity": 0.0, "echo_chamber_effect": 0.654163752491647, "social_cost": 947.0579693568968, "poa": 4.720205563840519}
{"step": 17, "polarization": 0.15875010442221113, "modularity": 0.0, "echo_chamber_effect": 0.6541637798980229, "social_cost": 947.0579127203265, "poa": 4.720205281559748}
{"step": 18, "polarization": 0.1587500931442318, "modularity": 0.0, "echo_chamber_effect": 0.6541637935213364, "social_cost": 947.0578845673007, "poa": 4.720205141243026}
{"step": 19, "polarization": 0.15875008753811432, "modularity": 0.0, "echo_chamber_effect": 0.654163800293288, "social_cost": 947.0578705728879, "poa": 4.720205071493859}
{"step": 20, "polarization": 0.1587500847513953, "modularity": 0.0, "echo_chamber_effect": 0.654163803659527, "social_cost": 947.0578636164802, "poa": 4.720205036822619}
{"step": 21, "polarization": 0.1587500833661579, "modularity": 0.0, "echo_chamber_effect": 0.6541638053328355, "social_cost": 947.0578601585538, "poa": 4.720205019588063}
{"step": 22, "polarization": 0.1587500826775766, "modularity": 0.0, "echo_chamber_effect": 0.6541638061646129, "social_cost": 947.0578584396695, "poa": 4.720205011021019}
{"step": 23, "polarization": 0.15875008233529284, "modularity": 0.0, "echo_chamber_effect": 0.6541638065780774, "social_cost": 947.0578575852371, "poa": 4.720205006762466}
{"step": 24, "polarization": 0.15875008216514858, "modularity": 0.0, "echo_chamber_effect": 0.6541638067836045, "social_cost": 947.0578571605114, "poa": 4.720205004645602}
{"step": 25, "polarization": 0.15875008208057229, "modularity": 0.0, "echo_chamber_effect": 0.654163806885769, "social_cost": 947.0578569493867, "poa": 4.720205003593342}
{"step": 26, "polarization": 0.1587500820385307, "modularity": 0.0, "echo_chamber_effect": 0.6541638069365535, "social_cost": 947.0578568444394, "poa": 4.7202050030702765}
{"step": 27, "polarization": 0.1587500820176324, "modularity": 0.0, "echo_chamber_effect": 0.6541638069617979, "social_cost": 947.0578567922714, "poa": 4.720205002810268}
{"step": 28, "polarization": 0.15875008200724416, "modularity": 0.0, "echo_chamber_effect": 0.6541638069743464, "social_cost": 947.0578567663401, "poa": 4.720205002681024}
{"step": 29, "polarization": 0.1587500820020803, "modularity": 0.0, "echo_chamber_effect": 0.6541638069805841, "social_cost": 947.0578567534498, "poa": 4.720205002616778}
{"step": 30, "polarization": 0.15875008199951346, "modularity": 0.0, "echo_chamber_effect": 0.6541638069836848, "social_cost": 947.0578567470419, "poa": 4.720205002584841}
