{"step": 1, "polarization": 0.07471949830763801, "neighbor_correlation_index": 0.7089392654473293, "echo_chamber_effect": 0.594276660731855}
{"step": 2, "polarization": 0.054472151697993236, "neighbor_correlation_index": 0.6534798132636451, "echo_chamber_effect": 0.5852207308939456}
{"step": 3, "polarization": 0.047730669162114846, "neighbor_correlation_index": 0.6508393559607939, "echo_chamber_effect": 0.5881152315260065}
{"step": 4, "polarization": 0.04502602849888453, "neighbor_correlation_index": 0.648077288666566, "echo_chamber_effect": 0.5877466296567206}
{"step": 5, "polarization": 0.0438857977009739, "neighbor_correlation_index": 0.6480222239134678, "echo_chamber_effect": 0.5882559428802847}
{"step": 6, "polarization": 0.04347214276964126, "neighbor_correlation_index": 0.647958473696234, "echo_chamber_effect": 0.5883308054855376}
{"step": 7, "polarization": 0.04332412010576462, "neighbor_correlation_index": 0.6479113044340419, "echo_chamber_effect": 0.5883387923699378}
{"step": 8, "polarization": 0.04326926831977103, "neighbor_correlation_index": 0.6478932654152766, "echo_chamber_effect": 0.588348498377073}
{"step": 9, "polarization": 0.04324773503207206, "neighbor_correlation_index": 0.6478846162249178, "echo_chamber_effect": 0.5883474750582546}
{"step": 10, "polarization": 0.04324089709755964, "neighbor_correlation_index": 0.6478861355663048, "echo_chamber_effect": 0.5883493980420775}
{"step": 11, "polarization": 0.04323801955769618, "neighbor_correlation_index": 0.6478841069660384, "echo_chamber_effect": 0.5883491229306389}
{"step": 12, "polarization": 0.04323697278144259, "neighbor_correlation_index": 0.6478842570066197, "echo_chamber_effect": 0.5883493304823614}
{"step": 13, "polarization": 0.0432365705499739, "neighbor_correlation_index": 0.6478842086446476, "echo_chamber_effect": 0.5883494167828359}
{"step": 14, "polarization": 0.04323641932298186, "neighbor_correlation_index": 0.6478841940732325, "echo_chamber_effect": 0.588349431716508}
{"step": 15, "polarization": 0.0432363641212415, "neighbor_correlation_index": 0.6478841823252754, "echo_chamber_effect": 0.5883494348968732}
{"step": 16, "polarization": 0.04323634425882971, "neighbor_correlation_index": 0.6478841786519528, "echo_chamber_effect": 0.5883494347479367}
{"step": 17, "polarization": 0.043236336576355304, "neighbor_correlation_index": 0.6478841793093644, "echo_chamber_effect": 0.5883494362779675}
{"step": 18, "polarization": 0.043236333611321294, "neighbor_correlation_index": 0.6478841790692709, "echo_chamber_effect": 0.5883494365094718}
{"step": 19, "polarization": 0.043236332593090065, "neighbor_correlation_index": 0.6478841789718508, "echo_chamber_effect": 0.5883494366153295}
{"step": 20, "polarization": 0.04323633226172397, "neighbor_correlation_index": 0.6478841788789093, "echo_chamber_effect": 0.5883494366343679}
{"step": 21, "polarization": 0.04323633213015211, "neighbor_correlation_index": 0.6478841788970212, "echo_chamber_effect": 0.5883494366605937}
{"step": 22, "polarization": 0.043236332077127466, "neighbor_correlation_index": 0.6478841788857298, "echo_chamber_effect": 0.5883494366644414}
{"step": 23, "polarization": 0.04323633205808055, "neighbor_correlation_index": 0.6478841788810386, "echo_chamber_effect": 0.5883494366652376}
{"step": 24, "polarization": 0.043236332051384004, "neighbor_correlation_index": 0.6478841788814369, "echo_chamber_effect": 0.5883494366670475}
{"step": 25, "polarization": 0.043236332048720384, "neighbor_correlation_index": 0.6478841788804099, "echo_chamber_effect": 0.5883494366668841}
{"step": 26, "polarization": 0.0432363320478144, "neighbor_correlation_index": 0.6478841788807417, "echo_chamber_effect": 0.5883494366672316}
{"step": 27, "polarization": 0.043236332047495524, "neighbor_correlation_index": 0.6478841788806419, "echo_chamber_effect": 0.5883494366672416}
{"step": 28, "polarization": 0.0432363320473752, "neighbor_correlation_index": 0.6478841788806262, "echo_chamber_effect": 0.5883494366672446}
{"step": 29, "polarization": 0.043236332047332446, "neighbor_correlation_index": 0.6478841788806315, "echo_chamber_effect": 0.5883494366672563}
{"step": 30, "polarization": 0.043236332047315564, "neighbor_correlation_index": 0.6478841788806271, "echo_chamber_effect": 0.5883494366672565}
{"step": 1, "polarization": 0.07471949830763801, "neighbor_correlation_index": 0.7089392654473293, "echo_chamber_effect": 0.594276660731855}
{"step": 2, "polarization": 0.054472151697993236, "neighbor_correlation_index": 0.6534798132636451, "echo_chamber_effect": 0.5852207308939456}
{"step": 3, "polarization": 0.047730669162114846, "neighbor_correlation_index": 0.6508393559607939, "echo_chamber_effect": 0.5881152315260065}
{"step": 4, "polarization": 0.04502602849888453, "neighbor_correlation_index": 0.648077288666566, "echo_chamber_effect": 0.5877466296567206}
{"step": 5, "polarization": 0.0438857977009739, "neighbor_correlation_index": 0.6480222239134678, "echo_chamber_effect": 0.5882559428802847}
{"step": 6, "polarization": 0.04347214276964126, "neighbor_correlation_index": 0.647958473696234, "echo_chamber_effect": 0.5883308054855376}
{"step": 7, "polarization": 0.04332412010576462, "neighbor_correlation_index": 0.6479113044340419, "echo_chamber_effect": 0.5883387923699378}
{"step": 8, "polarization": 0.04326926831977103, "neighbor_correlation_index": 0.6478932654152766, "echo_chamber_effect": 0.588348498377073}
{"step": 9, "polarization": 0.04324773503207206, "neighbor_correlation_index": 0.6478846162249178, "echo_chamber_effect": 0.5883474750582546}
{"step": 10, "polarization": 0.04324089709755964, "neighbor_correlation_index": 0.6478861355663048, "echo_chamber_effect": 0.5883493980420775}
{"step": 11, "polarization": 0.04323801955769618, "neighbor_correlation_index": 0.6478841069660384, "echo_chamber_effect": 0.5883491229306389}
{"step": 12, "polarization": 0.04323697278144259, "neighbor_correlation_index": 0.6478842570066197, "echo_chamber_effect": 0.5883493304823614}
{"step": 13, "polarization": 0.0432365705499739, "neighbor_correlation_index": 0.6478842086446476, "echo_chamber_effect": 0.5883494167828359}
{"step": 14, "polarization": 0.04323641932298186, "neighbor_correlation_index": 0.6478841940732325, "echo_chamber_effect": 0.588349431716508}
{"step": 15, "polarization": 0.0432363641212415, "neighbor_correlation_index": 0.6478841823252754, "echo_chamber_effect": 0.5883494348968732}
{"step": 16, "polarization": 0.04323634425882971, "neighbor_correlation_index": 0.6478841786519528, "echo_chamber_effect": 0.5883494347479367}
{"step": 17, "polarization": 0.043236336576355304, "neighbor_correlation_index": 0.6478841793093644, "echo_chamber_effect": 0.5883494362779675}
{"step": 18, "polarization": 0.043236333611321294, "neighbor_correlation_index": 0.6478841790692709, "echo_chamber_effect": 0.5883494365094718}
{"step": 19, "polarization": 0.043236332593090065, "neighbor_correlation_index": 0.6478841789718508, "echo_chamber_effect": 0.5883494366153295}
{"step": 20, "polarization": 0.04323633226172397, "neighbor_correlation_index": 0.6478841788789093, "echo_chamber_effect": 0.5883494366343679}
{"step": 21, "polarization": 0.04323633213015211, "neighbor_correlation_index": 0.6478841788970212, "echo_chamber_effect": 0.5883494366605937}
{"step": 22, "polarization": 0.043236332077127466, "neighbor_correlation_index": 0.6478841788857298, "echo_chamber_effect": 0.5883494366644414}
{"step": 23, "polarization": 0.04323633205808055, "neighbor_correlation_index": 0.6478841788810386, "echo_chamber_effect": 0.5883494366652376}
{"step": 24, "polarization": 0.043236332051384004, "neighbor_correlation_index": 0.6478841788814369, "echo_chamber_effect": 0.5883494366670475}
{"step": 25, "polarization": 0.043236332048720384, "neighbor_correlation_index": 0.6478841788804099, "echo_chamber_effect": 0.5883494366668841}
{"step": 26, "polarization": 0.0432363320478144, "neighbor_correlation_index": 0.6478841788807417,