{"step": 1, "polarization": 0.5329, "modularity": 0.0, "echo_chamber_effect": 0.41000885137526744, "social_cost": 2664.5, "poa": 14.0634138583139}
{"step": 2, "polarization": 0.5329, "modularity": 0.0, "echo_chamber_effect": 0.41000885137526744, "social_cost": 2664.5, "poa": 14.0634138583139}
{"step": 3, "polarization": 0.5329, "modularity": 0.0, "echo_chamber_effect": 0.41000885137526744, "social_cost": 2664.5, "poa": 14.0634138583139}
{"step": 4, "polarization": 0.5329, "modularity": 0.0, "echo_chamber_effect": 0.41000885137526744, "social_cost": 2664.5, "poa": 14.0634138583139}
{"step": 5, "polarization": 0.5329, "modularity": 0.0, "echo_chamber_effect": 0.41000885137526744, "social_cost": 2664.5, "poa": 14.0634138583139}
{"step": 6, "polarization": 0.5329, "modularity": 0.0, "echo_chamber_effect": 0.41000885137526744, "social_cost": 2664.5, "poa": 14.0634138583139}
{"step": 7, "polarization": 0.5329, "modularity": 0.0, "echo_chamber_effect": 0.41000885137526744, "social_cost": 2664.5, "poa": 14.0634138583139}
{"step": 8, "polarization": 0.5329, "modularity": 0.0, "echo_chamber_effect": 0.41000885137526744, "social_cost": 2664.5, "poa": 14.0634138583139}
{"step": 9, "polarization": 0.5329, "modularity": 0.0, "echo_chamber_effect": 0.41000885137526744, "social_cost": 2664.5, "poa": 14.0634138583139}
{"step": 10, "polarization": 0.5329, "modularity": 0.0, "echo_chamber_effect": 0.41000885137526744, "social_cost": 2664.5, "poa": 14.0634138583139}
{"step": 11, "polarization": 0.5329, "modularity": 0.0, "echo_chamber_effect": 0.41000885137526744, "social_cost": 2664.5, "poa": 14.0634138583139}
{"step": 12, "polarization": 0.5329, "modularity": 0.0, "echo_chamber_effect": 0.41000885137526744, "social_cost": 2664.5, "poa": 14.0634138583139}
{"step": 13, "polarization": 0.5329, "modularity": 0.0, "echo_chamber_effect": 0.41000885137526744, "social_cost": 2664.5, "poa": 14.0634138583139}
{"step": 14, "polarization": 0.5329, "modularity": 0.0, "echo_chamber_effect": 0.41000885137526744, "social_cost": 2664.5, "poa": 14.0634138583139}
{"step": 15, "polarization": 0.5329, "modularity": 0.0, "echo_chamber_effect": 0.41000885137526744, "social_cost": 2664.5, "poa": 14.0634138583139}
{"step": 16, "polarization": 0.5329, "modularity": 0.0, "echo_chamber_effect": 0.41000885137526744, "social_cost": 2664.5, "poa": 14.0634138583139}
{"step": 17, "polarization": 0.5329, "modularity": 0.0, "echo_chamber_effect": 0.41000885137526744, "social_cost": 2664.5, "poa": 14.0634138583139}
{"step": 18, "polarization": 0.5329, "modularity": 0.0, "echo_chamber_effect": 0.41000885137526744, "social_cost": 2664.5, "poa": 14.0634138583139}
{"step": 19, "polarization": 0.5329, "modularity": 0.0, "echo_chamber_effect": 0.41000885137526744, "social_cost": 2664.5, "poa": 14.0634138583139}
{"step": 20, "polarization": 0.5329, "modularity": 0.0, "echo_chamber_effect": 0.41000885137526744, "social_cost": 2664.5, "poa": 14.0634138583139}
{"step": 21, "polarization": 0.5329, "modularity": 0.0, "echo_chamber_effect": 0.41000885137526744, "social_cost": 2664.5, "poa": 14.0634138583139}
{"step": 22, "polarization": 0.5329, "modularity": 0.0, "echo_chamber_effect": 0.41000885137526744, "social_cost": 2664.5, "poa": 14.0634138583139}
{"step": 23, "polarization": 0.5329, "modularity": 0.0, "echo_chamber_effect": 0.41000885137526744, "social_cost": 2664.5, "poa": 14.0634138583139}
{"step": 24, "polarization": 0.5329, "modularity": 0.0, "echo_chamber_effect": 0.41000885137526744, "social_cost": 2664.5, "poa": 14.0634138583139}
{"step": 25, "polarization": 0.5329, "modularity": 0.0, "echo_chamber_effect": 0.41000885137526744, "social_cost": 2664.5, "poa": 14.0634138583139}
{"step": 26, "polarization": 0.5329, "modularity": 0.0, "echo_chamber_effect": 0.41000885137526744, "social_cost": 2664.5, "poa": 14.0634138583139}
{"step": 27, "polarization": 0.5329, "modularity": 0.0, "echo_chamber_effect": 0.41000885137526744, "social_cost": 2664.5, "poa": 14.0634138583139}
{"step": 28, "polarization": 0.5329, "modularity": 0.0, "echo_chamber_effect": 0.41000885137526744, "social_cost": 2664.5, "poa": 14.0634138583139}
{"step": 29, "polarization": 0.5329, "modularity": 0.0, "echo_chamber_effect": 0.41000885137526744, "social_cost": 2664.5, "poa": 14.0634138583139}
{"step": 30, "polarization": 0.5329, "modularity": 0.0, "echo_chamber_effect": 0.41000885137526744, "social_cost": 2664.5, "poa": 14.0634138583139}
