{"step": 1, "polarization": 0.20277871276765488, "modularity": 0.5858735901707179, "echo_chamber_effect": 0.9558788427479, "social_cost": 55.2902110142118, "poa": 0.5896631063289737}
{"step": 2, "polarization": 0.2952593415778576, "modularity": 0.6102852527006173, "echo_chamber_effect": 0.9613947305217496, "social_cost": 23.949775508796492, "poa": 0.2554213261868094}
{"step": 3, "polarization": 0.38433412425470465, "modularity": 0.6595870429052864, "echo_chamber_effect": 0.9641025905090771, "social_cost": 14.473678292172321, "poa": 0.154359948085111}
{"step": 4, "polarization": 0.4421289776287605, "modularity": 0.6732118605703938, "echo_chamber_effect": 0.9661533350025899, "social_cost": 11.431807550610127, "poa": 0.12191878141892239}
{"step": 5, "polarization": 0.4781473581609584, "modularity": 0.6798639404456517, "echo_chamber_effect": 0.9663231950740637, "social_cost": 10.768539839627662, "poa": 0.11484511518377094}
{"step": 6, "polarization": 0.49866538744599204, "modularity": 0.6832740213523133, "echo_chamber_effect": 0.9671535425460795, "social_cost": 10.41153253520503, "poa": 0.11103767744304913}
{"step": 7, "polarization": 0.5105412894684218, "modularity": 0.6832740213523132, "echo_chamber_effect": 0.9682786795416718, "social_cost": 10.060204013326107, "poa": 0.1072908031997976}
{"step": 8, "polarization": 0.5171518286182638, "modularity": 0.6867028061224489, "echo_chamber_effect": 0.9682377928996632, "social_cost": 10.08343543392065, "poa": 0.10753856336169483}
{"step": 9, "polarization": 0.52157314277148, "modularity": 0.6867028061224489, "echo_chamber_effect": 0.9692147531397759, "social_cost": 9.803315816717554, "poa": 0.10455112307897997}
{"step": 10, "polarization": 0.5241946182691322, "modularity": 0.6898214285714286, "echo_chamber_effect": 0.969163471200862, "social_cost": 9.828909728134729, "poa": 0.10482407890664865}
{"step": 11, "polarization": 0.5264539693827085, "modularity": 0.6898214285714286, "echo_chamber_effect": 0.9694520284458111, "social_cost": 9.771937210322365, "poa": 0.10421647421112694}
{"step": 12, "polarization": 0.5273749538132491, "modularity": 0.6929272959183674, "echo_chamber_effect": 0.9695802763440583, "social_cost": 9.74269248063659, "poa": 0.10390458286844725}
{"step": 13, "polarization": 0.5287880555627477, "modularity": 0.6929272959183673, "echo_chamber_effect": 0.969901327722836, "social_cost": 9.67455462040259, "poa": 0.10317790120839966}
{"step": 14, "polarization": 0.5292773901408182, "modularity": 0.6929272959183673, "echo_chamber_effect": 0.970031473014175, "social_cost": 9.643539137746771, "poa": 0.10284712500929233}
{"step": 15, "polarization": 0.5295167747112581, "modularity": 0.6929272959183673, "echo_chamber_effect": 0.9700496807124411, "social_cost": 9.640349892243597, "poa": 0.10281311210943626}
{"step": 16, "polarization": 0.5296297509534734, "modularity": 0.6929272959183673, "echo_chamber_effect": 0.9700537699756732, "social_cost": 9.639975253671379, "poa": 0.10280911663645484}
{"step": 17, "polarization": 0.5296840991311589, "modularity": 0.6929272959183674, "echo_chamber_effect": 0.9700547728137265, "social_cost": 9.640046809152105, "poa": 0.1028098797666051}
{"step": 18, "polarization": 0.529710640449652, "modularity": 0.6929272959183674, "echo_chamber_effect": 0.9700550819544185, "social_cost": 9.640130819722614, "poa": 0.10281077572871236}
{"step": 19, "polarization": 0.529723812834844, "modularity": 0.6929272959183674, "echo_chamber_effect": 0.9700551904607934, "social_cost": 9.640185603601218, "poa": 0.10281135999184758}
{"step": 20, "polarization": 0.5297304540248575, "modularity": 0.6929272959183673, "echo_chamber_effect": 0.9700552309277007, "social_cost": 9.640217670784766, "poa": 0.10281170198430367}
{"step": 21, "polarization": 0.5297338526128357, "modularity": 0.6929272959183674, "echo_chamber_effect": 0.9700552461169072, "social_cost": 9.640235885482383, "poa": 0.10281189624174962}
{"step": 22, "polarization": 0.5297356157250892, "modularity": 0.6929272959183674, "echo_chamber_effect": 0.9700552516463053, "social_cost": 9.640246124410407, "poa": 0.10281200543862179}
{"step": 23, "polarization": 0.5297365415804484, "modularity": 0.6929272959183673, "echo_chamber_effect": 0.9700552535182855, "social_cost": 9.640251854240544, "poa": 0.10281206654653538}
{"step": 24, "polarization": 0.5297370329362036, "modularity": 0.6929272959183673, "echo_chamber_effect": 0.9700552540580548, "social_cost": 9.64025505301637, "poa": 0.10281210066107492}
{"step": 25, "polarization": 0.5297372960550711, "modularity": 0.6929272959183673, "echo_chamber_effect": 0.9700552541492599, "social_cost": 9.640256836070845, "poa": 0.10281211967712535}
{"step": 26, "polarization": 0.5297374380151298, "modularity": 0.6929272959183673, "echo_chamber_effect": 0.970055254113245, "social_cost": 9.64025782893267, "poa": 0.10281213026587112}
{"step": 27, "polarization": 0.5297375150803073, "modularity": 0.6929272959183673, "echo_chamber_effect": 0.9700552540574846, "social_cost": 9.640258381373974, "poa": 0.10281213615758773}
{"step": 28, "polarization": 0.529737557126102, "modularity": 0.6929272959183673, "echo_chamber_effect": 0.9700552540119075, "social_cost": 9.640258688592406, "poa": 0.10281213943403344}
{"step": 29, "polarization": 0.5297375801580346, "modularity": 0.6929272959183673, "echo_chamber_effect": 0.970055253980705, "social_cost": 9.640258859372972, "poa": 0.10281214125538658}
{"step": 30, "polarization": 0.529737592814866, "modularity": 0.6929272959183674, "echo_chamber_effect": 0.9700552539610432, "social_cost": 9.640258954282304, "poa": 0.1028121422675826}
