{"step": 1, "polarization": 0.20812993274185815, "modularity": 0.0, "echo_chamber_effect": 0.5956198425048203, "social_cost": 1203.6329431769857, "poa": 5.978461657210318}
{"step": 2, "polarization": 0.15941800962033292, "modularity": 0.0, "echo_chamber_effect": 0.6534028034161135, "social_cost": 948.813872745593, "poa": 4.712771771655194}
{"step": 3, "polarization": 0.1591637786793942, "modularity": 0.0, "echo_chamber_effect": 0.6536693263645816, "social_cost": 948.16572781359, "poa": 4.709552426715974}
{"step": 4, "polarization": 0.158953880348324, "modularity": 0.0, "echo_chamber_effect": 0.6539190340794088, "social_cost": 947.5846353377506, "poa": 4.706666132264004}
{"step": 5, "polarization": 0.15885115892504578, "modularity": 0.0, "echo_chamber_effect": 0.6540420563780288, "social_cost": 947.314635608894, "poa": 4.705325039835805}
{"step": 6, "polarization": 0.1588002669945054, "modularity": 0.0, "echo_chamber_effect": 0.6541032711619265, "social_cost": 947.1842348570892, "poa": 4.704677337478408}
{"step": 7, "polarization": 0.15877501371096658, "modularity": 0.0, "echo_chamber_effect": 0.6541337116606725, "social_cost": 947.1203655049696, "poa": 4.704360097513448}
{"step": 8, "polarization": 0.15876247160179685, "modularity": 0.0, "echo_chamber_effect": 0.654148846086995, "social_cost": 947.0888518542075, "poa": 4.7042035687695085}
{"step": 9, "polarization": 0.15875623980294676, "modularity": 0.0, "echo_chamber_effect": 0.6541563699059619, "social_cost": 947.0732449140323, "poa": 4.704126048879452}
{"step": 10, "polarization": 0.15875314273378172, "modularity": 0.0, "echo_chamber_effect": 0.654160110063907, "social_cost": 947.0655012716082, "poa": 4.704087586099265}
{"step": 11, "polarization": 0.15875160339063668, "modularity": 0.0, "echo_chamber_effect": 0.6541619692857805, "social_cost": 947.061655562998, "poa": 4.704068484410829}
{"step": 12, "polarization": 0.15875083824628194, "modularity": 0.0, "echo_chamber_effect": 0.6541628934887574, "social_cost": 947.0597447927122, "poa": 4.704058993588105}
{"step": 13, "polarization": 0.15875045791421186, "modularity": 0.0, "echo_chamber_effect": 0.6541633528992963, "social_cost": 947.0587951929199, "poa": 4.704054276912659}
{"step": 14, "polarization": 0.15875026885915486, "modularity": 0.0, "echo_chamber_effect": 0.6541635812662586, "social_cost": 947.0583232141211, "poa": 4.704051932587367}
{"step": 15, "polarization": 0.1587501748832481, "modularity": 0.0, "echo_chamber_effect": 0.6541636947843201, "social_cost": 947.058088613528, "poa": 4.704050767322941}
{"step": 16, "polarization": 0.1587501281693424, "modularity": 0.0, "echo_chamber_effect": 0.6541637512125391, "social_cost": 947.0579720002468, "poa": 4.7040501881031425}
{"step": 17, "polarization": 0.15875010494857622, "modularity": 0.0, "echo_chamber_effect": 0.6541637792621967, "social_cost": 947.0579140342853, "poa": 4.704049900185402}
{"step": 18, "polarization": 0.15875009340588006, "modularity": 0.0, "echo_chamber_effect": 0.6541637932052764, "social_cost": 947.0578852204475, "poa": 4.704049757066667}
{"step": 19, "polarization": 0.15875008766817586, "modularity": 0.0, "echo_chamber_effect": 0.6541638001361793, "social_cost": 947.057870897557, "poa": 4.704049685924669}
{"step": 20, "polarization": 0.158750084816047, "modularity": 0.0, "echo_chamber_effect": 0.6541638035814306, "social_cost": 947.0578637778681, "poa": 4.704049650561075}
{"step": 21, "polarization": 0.15875008339829536, "modularity": 0.0, "echo_chamber_effect": 0.654163805294015, "social_cost": 947.0578602387773, "poa": 4.704049632982361}
{"step": 22, "polarization": 0.15875008269355162, "modularity": 0.0, "echo_chamber_effect": 0.6541638061453157, "social_cost": 947.0578584795476, "poa": 4.7040496242442424}
{"step": 23, "polarization": 0.1587500823432338, "modularity": 0.0, "echo_chamber_effect": 0.654163806568485, "social_cost": 947.0578576050598, "poa": 4.704049619900649}
{"step": 24, "polarization": 0.15875008216909586, "modularity": 0.0, "echo_chamber_effect": 0.6541638067788363, "social_cost": 947.0578571703652, "poa": 4.704049617741515}
{"step": 25, "polarization": 0.15875008208253447, "modularity": 0.0, "echo_chamber_effect": 0.6541638068833989, "social_cost": 947.0578569542847, "poa": 4.70404961666824}
{"step": 26, "polarization": 0.15875008203950602, "modularity": 0.0, "echo_chamber_effect": 0.6541638069353753, "social_cost": 947.0578568468741, "poa": 4.70404961613473}
{"step": 27, "polarization": 0.15875008201811724, "modularity": 0.0, "echo_chamber_effect": 0.6541638069612122, "social_cost": 947.0578567934818, "poa": 4.704049615869531}
{"step": 28, "polarization": 0.15875008200748514, "modularity": 0.0, "echo_chamber_effect": 0.6541638069740553, "social_cost": 947.0578567669415, "poa": 4.704049615737705}
{"step": 29, "polarization": 0.15875008200220012, "modularity": 0.0, "echo_chamber_effect": 0.6541638069804394, "social_cost": 947.0578567537485, "poa": 4.704049615672175}
{"step": 30, "polarization": 0.158750081999573, "modularity": 0.0, "echo_chamber_effect": 0.6541638069836129, "social_cost": 947.0578567471906, "poa": 4.704049615639602}
