{"step": 1, "polarization": 0.20277871276765488, "modularity": 0.0, "echo_chamber_effect": 0.6055248263767891, "social_cost": 1220.3401772156947, "poa": 6.441039204395737}
{"step": 2, "polarization": 0.1606045206120056, "modularity": 0.0, "echo_chamber_effect": 0.6519595144778816, "social_cost": 953.051038043401, "poa": 5.030268784424851}
{"step": 3, "polarization": 0.1596108703662563, "modularity": 0.0, "echo_chamber_effect": 0.6531489632645567, "social_cost": 949.5193130963625, "poa": 5.011628097780476}
{"step": 4, "polarization": 0.15917437266745116, "modularity": 0.0, "echo_chamber_effect": 0.6536572800267983, "social_cost": 948.19451245264, "poa": 5.004635709064984}
{"step": 5, "polarization": 0.15895996350750827, "modularity": 0.0, "echo_chamber_effect": 0.6539117638236661, "social_cost": 947.6009269095898, "poa": 5.001502723832397}
{"step": 6, "polarization": 0.15885415901798933, "modularity": 0.0, "echo_chamber_effect": 0.654038453284226, "social_cost": 947.3223926895015, "poa": 5.000032601103628}
{"step": 7, "polarization": 0.15880175487424147, "modularity": 0.0, "echo_chamber_effect": 0.6541014790055737, "social_cost": 947.1880152935923, "poa": 4.999323347986018}
{"step": 8, "polarization": 0.158775752440338, "modularity": 0.0, "echo_chamber_effect": 0.6541328205770602, "social_cost": 947.122225950658, "poa": 4.998976107319044}
{"step": 9, "polarization": 0.1587628385978097, "modularity": 0.0, "echo_chamber_effect": 0.6541484030851364, "social_cost": 947.0897720218292, "poa": 4.9988048132554495}
{"step": 10, "polarization": 0.1587564221780483, "modularity": 0.0, "echo_chamber_effect": 0.6541561496820583, "social_cost": 947.0737011712102, "poa": 4.998719990202979}
{"step": 11, "polarization": 0.15875323337662856, "modularity": 0.0, "echo_chamber_effect": 0.6541600005903156, "social_cost": 947.0657277875546, "poa": 4.998677906136849}
{"step": 12, "polarization": 0.15875164844462547, "modularity": 0.0, "echo_chamber_effect": 0.6541619148671868, "social_cost": 947.0617680908884, "poa": 4.998657006586101}
{"step": 13, "polarization": 0.15875086064116117, "modularity": 0.0, "echo_chamber_effect": 0.6541628664378524, "social_cost": 947.0598007114205, "poa": 4.998646622622252}
{"step": 14, "polarization": 0.15875046904618226, "modularity": 0.0, "echo_chamber_effect": 0.6541633394526317, "social_cost": 947.0588229850297, "poa": 4.998641462115263}
{"step": 15, "polarization": 0.1587502743926465, "modularity": 0.0, "echo_chamber_effect": 0.6541635745821041, "social_cost": 947.0583370281204, "poa": 4.998638897201345}
{"step": 16, "polarization": 0.15875017763385427, "modularity": 0.0, "echo_chamber_effect": 0.6541636914617208, "social_cost": 947.0580954800059, "poa": 4.9986376222938205}
{"step": 17, "polarization": 0.15875012953662576, "modularity": 0.0, "echo_chamber_effect": 0.6541637495609224, "social_cost": 947.0579754134087, "poa": 4.998636988574081}
{"step": 18, "polarization": 0.1587501056282322, "modularity": 0.0, "echo_chamber_effect": 0.6541637784412019, "social_cost": 947.0579157309024, "poa": 4.998636673565716}
{"step": 19, "polarization": 0.15875009374372698, "modularity": 0.0, "echo_chamber_effect": 0.6541637927971717, "social_cost": 947.0578860638074, "poa": 4.998636516980753}
{"step": 20, "polarization": 0.15875008783611455, "modularity": 0.0, "echo_chamber_effect": 0.6541637999333164, "social_cost": 947.0578713167778, "poa": 4.998636439144918}
{"step": 21, "polarization": 0.15875008489952688, "modularity": 0.0, "echo_chamber_effect": 0.6541638034805903, "social_cost": 947.0578639862568, "poa": 4.998636400453925}
{"step": 22, "polarization": 0.158750083439792, "modularity": 0.0, "echo_chamber_effect": 0.6541638052438887, "social_cost": 947.0578603423642, "poa": 4.9986363812212105}
{"step": 23, "polarization": 0.158750082714179, "modularity": 0.0, "echo_chamber_effect": 0.6541638061203987, "social_cost": 947.0578585310392, "poa": 4.998636371660913}
{"step": 24, "polarization": 0.15875008235348734, "modularity": 0.0, "echo_chamber_effect": 0.6541638065560991, "social_cost": 947.0578576306559, "poa": 4.998636366908628}
{"step": 25, "polarization": 0.1587500821741928, "modularity": 0.0, "echo_chamber_effect": 0.6541638067726794, "social_cost": 947.0578571830883, "poa": 4.998636364546336}
{"step": 26, "polarization": 0.15875008208506802, "modularity": 0.0, "echo_chamber_effect": 0.6541638068803384, "social_cost": 947.0578569606088, "poa": 4.998636363372073}
{"step": 27, "polarization": 0.15875008204076546, "modularity": 0.0, "echo_chamber_effect": 0.6541638069338541, "social_cost": 947.057856850018, "poa": 4.998636362788368}
{"step": 28, "polarization": 0.15875008201874327, "modularity": 0.0, "echo_chamber_effect": 0.654163806960456, "social_cost": 947.0578567950447, "poa": 4.998636362498215}
{"step": 29, "polarization": 0.15875008200779633, "modularity": 0.0, "echo_chamber_effect": 0.6541638069736793, "social_cost": 947.0578567677179, "poa": 4.998636362353982}
{"step": 30, "polarization": 0.1587500820023548, "modularity": 0.0, "echo_chamber_effect": 0.6541638069802526, "social_cost": 947.0578567541346, "poa": 4.998636362282288}
